# Blender 4.2.0
# www.blender.org

o Base
v 0.463388 1.875000 0.536612
v 0.500000 1.875000 0.625000
v 0.375000 1.875000 0.500000
v 0.286612 1.875000 0.536612
v 0.250000 1.875000 0.625000
v 0.463388 1.875000 0.713389
v 0.286612 1.849112 0.525889
v 0.375000 1.698223 0.676776
v 0.463389 1.661611 0.500001
v 0.375000 1.625000 0.500001
v 0.463389 1.724111 0.650889
v 0.463389 1.849112 0.525889
v 0.250000 1.786611 0.588389
v 0.500000 1.786611 0.588389
v 0.286612 1.724111 0.650889
v 0.286611 1.661611 0.500001
v 0.250000 1.750000 0.500001
v 0.463389 1.838388 0.500001
v 0.500000 1.750000 0.500001
v 0.286611 1.838388 0.500001
v 0.375000 1.875000 0.750000
v 0.286612 1.875000 0.713388
v 0.500000 3.036612 0.713387
v 0.500000 3.125000 0.750000
v 0.500000 3.000000 0.625000
v 0.500000 3.036612 0.536612
v 0.500000 3.125000 0.500000
v 0.500000 3.213389 0.713387
v 0.474112 3.025889 0.536612
v 0.323223 3.176777 0.625000
v 0.286611 3.000001 0.713388
v 0.250000 3.000001 0.625000
v 0.349111 3.150889 0.713388
v 0.474112 3.025889 0.713388
v 0.411611 3.088389 0.500000
v 0.411611 3.088389 0.750000
v 0.349111 3.150889 0.536612
v 0.286611 3.000001 0.536611
v 0.375000 3.000001 0.500000
v 0.463388 3.000001 0.713388
v 0.375000 3.000001 0.750000
v 0.463388 3.000001 0.536611
v 0.500000 3.250000 0.625000
v 0.500000 3.213388 0.536612
v 0.500001 3.125000 0.500000
v 0.500001 3.036613 0.536611
v 0.500001 3.000001 0.625000
v 0.500001 3.036613 0.713388
v 0.500001 3.213389 0.536611
v 0.499999 3.250001 0.625000
v 0.500001 3.213389 0.713388
v 0.500001 3.125001 0.750000
v 0.624999 3.036613 0.536611
v 0.624999 3.000001 0.625000
v 0.624999 3.125000 0.500000
v 0.624999 3.213389 0.536611
v 0.624997 3.250001 0.625000
v 0.624999 3.213389 0.713388
v 0.624999 3.125001 0.750000
v 0.624999 3.036613 0.713388
v 0.286612 1.838388 0.000007
v 0.463388 1.661612 0.499999
v 0.375000 1.625000 0.499999
v 0.500000 1.750000 0.499999
v 0.463388 1.838388 0.499999
v 0.375000 1.875000 0.499992
v 0.250000 1.750000 0.499999
v 0.286612 1.661612 0.499999
v 0.500000 1.750000 0.000007
v 0.463388 1.661612 0.000007
v 0.375000 1.625000 0.000007
v 0.286612 1.661612 0.000007
v 0.463388 1.838388 0.000007
v 0.375000 1.875000 -0.000001
v 0.250000 1.750000 0.000007
v 0.286612 1.838388 0.499999
v 0.286612 2.999984 0.713388
v 0.463388 1.875001 0.536612
v 0.375000 1.875001 0.500000
v 0.500000 1.875001 0.625000
v 0.463388 1.875001 0.713388
v 0.375000 1.875018 0.750000
v 0.250000 1.875001 0.625000
v 0.286612 1.875001 0.536612
v 0.500000 2.999984 0.625000
v 0.463388 2.999984 0.536612
v 0.375000 2.999984 0.500000
v 0.286612 2.999984 0.536612
v 0.463388 2.999984 0.713388
v 0.375000 3.000001 0.750000
v 0.250000 2.999984 0.625000
v 0.286612 1.875001 0.713388
v 0.734834 4.820081 0.742417
v 0.734834 4.874999 0.874998
v 0.734834 4.687499 0.687498
v 0.734834 4.554917 0.742417
v 0.734834 4.499999 0.874998
v 0.734834 4.820081 1.007582
v 0.773666 4.554917 0.726332
v 0.999999 4.687499 0.952663
v 0.961167 4.820082 0.913832
v 0.773666 4.820082 0.726332
v 0.867417 4.499999 0.820082
v 0.867417 4.874999 0.820082
v 0.961167 4.554917 0.913832
v 0.734834 4.687499 1.062498
v 0.734834 4.554917 1.007580
v -0.625000 4.554918 1.132581
v -0.625000 4.687500 1.187499
v -0.625000 4.500000 0.999999
v -0.625000 4.554918 0.867418
v -0.625000 4.687500 0.812499
v -0.625000 4.820083 1.132581
v -0.663832 4.538833 0.867418
v -0.890165 4.765165 0.999999
v -0.945083 4.500001 1.132583
v -1.000000 4.500001 0.999999
v -0.851333 4.726333 1.132583
v -0.663832 4.538833 1.132583
v -0.757583 4.632583 0.812499
v -0.757583 4.632583 1.187499
v -0.851333 4.726333 0.867418
v -0.945083 4.500001 0.867416
v -0.812500 4.500001 0.812499
v -0.679918 4.500001 1.132583
v -0.812500 4.500001 1.187499
v -0.679918 4.500001 0.867416
v -0.625000 4.875000 0.999999
v -0.625000 4.820082 0.867418
v 0.773668 4.554918 0.726333
v 0.734835 4.687500 0.687500
v 0.867418 4.500000 0.820082
v 0.961167 4.554918 0.913832
v 1.000000 4.687500 0.952665
v 0.773668 4.820083 0.726333
v 0.988625 4.538833 0.886373
v 1.054918 4.765165 0.632582
v 1.000000 4.500001 0.499999
v 1.132583 4.500001 0.554917
v 0.933709 4.726333 0.566290
v 0.801125 4.538833 0.698873
v 1.093750 4.632583 0.858914
v 0.828585 4.632583 0.593749
v 1.121209 4.726333 0.753790
v 1.187501 4.500001 0.687500
v 1.132583 4.500001 0.820082
v 0.812500 4.500001 0.687499
v 0.867418 4.500001 0.554917
v 1.000001 4.500001 0.875000
v 0.867418 4.875000 0.820082
v 0.961167 4.820082 0.913832
v 1.132582 1.500000 0.554918
v 1.187500 1.500000 0.687500
v 1.000000 1.500000 0.500000
v 0.867418 1.500000 0.554918
v 0.812500 1.500000 0.687500
v 1.132582 1.500000 0.820083
v 0.867418 1.461168 0.538833
v 1.000000 1.234835 0.765165
v 1.132583 1.179917 0.500001
v 1.000000 1.125000 0.500001
v 1.132583 1.273667 0.726333
v 1.132583 1.461168 0.538833
v 0.812500 1.367417 0.632583
v 1.187500 1.367417 0.632583
v 0.867418 1.273667 0.726333
v 0.867417 1.179917 0.500001
v 0.812500 1.312500 0.500001
v 1.132583 1.445082 0.500001
v 1.187500 1.312500 0.500001
v 0.867417 1.445082 0.500001
v 1.000000 1.500000 0.875000
v 0.867418 1.500000 0.820082
v -0.945082 1.382582 -0.750000
v -0.812500 1.437500 -0.750000
v -1.000000 1.250000 -0.750000
v -0.945082 1.117418 -0.750000
v -0.812500 1.062500 -0.750000
v -0.679917 1.382582 -0.750000
v -0.961167 1.117418 -0.788832
v -0.734835 1.250000 -1.015165
v -0.999999 1.382583 -1.070083
v -0.999999 1.250000 -1.125000
v -0.773667 1.382583 -0.976333
v -0.961167 1.382583 -0.788832
v -0.867417 1.062500 -0.882583
v -0.867417 1.437500 -0.882583
v -0.773667 1.117418 -0.976333
v -0.999999 1.117417 -1.070083
v -0.999999 1.062500 -0.937500
v -0.999999 1.382583 -0.804918
v -0.999999 1.437500 -0.937500
v -0.999999 1.117417 -0.804918
v -0.625000 1.250000 -0.750000
v -0.679918 1.117418 -0.750000
v -0.679918 1.437500 0.867418
v -0.625000 1.437500 1.000000
v -0.812500 1.437500 0.812500
v -0.945082 1.437500 0.867418
v -1.000000 1.437500 1.000000
v -0.679918 1.437500 1.132583
v -0.945082 1.398668 0.851333
v -0.812500 1.172335 1.077665
v -0.679917 1.117417 0.812501
v -0.812500 1.062500 0.812501
v -0.679917 1.211167 1.038833
v -0.679917 1.398668 0.851333
v -1.000000 1.304917 0.945083
v -0.625000 1.304917 0.945083
v -0.945082 1.211167 1.038833
v -0.945083 1.117417 0.812501
v -1.000000 1.250000 0.812501
v -0.679917 1.382582 0.812501
v -0.625000 1.250000 0.812501
v -0.945083 1.382582 0.812501
v -0.812500 1.437500 1.187500
v -0.945082 1.437500 1.132582
v 0.867418 4.499999 0.820082
v 1.132583 4.375000 0.554918
v 1.000000 4.375000 0.500000
v 1.187500 4.375000 0.687500
v 1.132583 4.375000 0.820082
v 1.000000 4.375002 0.875000
v 0.812500 4.375000 0.687500
v 0.867418 4.375000 0.554918
v 1.187500 4.499999 0.687500
v 1.132583 4.499999 0.554918
v 1.000000 4.499999 0.500000
v 0.867418 4.499999 0.554918
v 1.132583 4.499999 0.820082
v 1.000000 4.500000 0.875000
v 0.812500 4.499999 0.687500
v 0.867418 4.375000 0.820082
v -0.625000 4.687500 0.812499
v -0.625000 4.554918 0.867417
v -0.625000 4.500000 0.999999
v -0.625000 4.554918 1.132581
v -0.625000 4.820082 0.867417
v -0.625000 4.875000 0.999999
v -0.625000 4.820083 1.132581
v -0.625000 4.687500 1.187499
v 0.734852 4.554916 0.742416
v 0.734852 4.499999 0.874998
v 0.734852 4.687498 0.687498
v 0.734852 4.820081 0.742416
v 0.734834 4.874999 0.874998
v 0.734852 4.820081 1.007581
v 0.734852 4.687499 1.062498
v 0.734852 4.554916 1.007581
v -0.945082 4.499955 1.132582
v -0.679918 1.437501 0.867418
v -0.812500 1.437501 0.812500
v -0.625000 1.437501 1.000000
v -0.679918 1.437501 1.132582
v -0.812500 1.437547 1.187500
v -1.000000 1.437501 1.000000
v -0.945082 1.437501 0.867418
v -0.625000 4.499955 1.000000
v -0.679918 4.499955 0.867418
v -0.812500 4.499955 0.812500
v -0.945082 4.499955 0.867418
v -0.679918 4.499955 1.132582
v -0.812500 4.500000 1.187500
v -1.000000 4.499955 1.000000
v -0.945082 1.437501 1.132582
v 0.867418 1.445082 0.187504
v 1.132583 1.179918 0.499999
v 1.000000 1.125000 0.499999
v 1.187500 1.312500 0.499999
v 1.132583 1.445082 0.499999
v 1.000000 1.500000 0.499994
v 0.812500 1.312500 0.499999
v 0.867418 1.179918 0.499999
v 1.187500 1.312500 0.187504
v 1.132583 1.179918 0.187504
v 1.000000 1.125000 0.187504
v 0.867418 1.179918 0.187504
v 1.132583 1.445082 0.187504
v 1.000000 1.500000 0.187499
v 0.812500 1.312500 0.187504
v 0.867418 1.445082 0.499999
v -0.945082 1.382582 -0.749977
v -0.679918 1.117418 0.812499
v -0.812500 1.062500 0.812499
v -0.625000 1.250000 0.812499
v -0.679918 1.382582 0.812499
v -0.812500 1.437500 0.812476
v -1.000000 1.250000 0.812499
v -0.945082 1.117418 0.812499
v -0.625000 1.250000 -0.749977
v -0.679917 1.117418 -0.749977
v -0.812500 1.062500 -0.749977
v -0.945082 1.117418 -0.749977
v -0.679917 1.382582 -0.749977
v -0.812500 1.437500 -0.750001
v -1.000000 1.250000 -0.749977
v -0.945082 1.382582 0.812499
v -1.124999 1.250000 -1.125000
v -1.124999 1.117419 -1.070083
v -1.124999 1.062501 -0.937500
v -1.124999 1.117419 -0.804918
v -1.124999 1.382583 -1.070083
v -1.125001 1.437501 -0.937500
v -1.124999 1.382583 -0.804918
v -1.124999 1.250001 -0.750000
v -1.000001 1.117419 -1.070083
v -1.000001 1.062501 -0.937500
v -1.000001 1.250000 -1.125000
v -1.000001 1.382583 -1.070083
v -1.000003 1.437501 -0.937500
v -1.000001 1.382583 -0.804918
v -1.000001 1.250001 -0.750000
v -1.000001 1.117419 -0.804918
v 0.489277 1.551777 1.437500
v 0.562500 1.375000 1.437500
v 0.312500 1.125000 1.437500
v 0.135724 1.198224 1.437500
v 0.489277 1.198224 1.437500
v 0.562500 1.408494 1.562500
v 0.489277 1.255401 1.650888
v 0.062500 1.375000 1.437500
v 0.312500 1.625000 1.437500
v 0.062500 1.408494 1.562500
v 0.135724 1.588389 1.500913
v 0.135724 1.561587 1.474111
v 0.312500 1.191988 1.687500
v 0.135724 1.551777 1.437500
v 0.489277 1.561587 1.474111
v 0.135724 1.255401 1.650888
v 0.312500 1.625000 1.437500
v 0.312500 1.375000 1.870513
v 0.489277 1.625000 1.864276
v 0.312500 1.625000 1.937500
v 0.135724 1.411612 1.807098
v 0.562500 1.500000 1.654006
v 0.489277 1.411612 1.807098
v 0.489277 1.588389 1.500913
v 0.312500 1.625000 1.437500
v 0.062500 1.500000 1.654006
v 0.135724 1.625000 1.510723
v 0.312500 1.625000 1.437500
v 0.562499 1.625000 1.687500
v 0.062500 1.625000 1.687500
v 0.135724 1.625000 1.864276
v 0.489277 1.625000 1.510723
v -0.573223 5.000000 1.864276
v -0.750000 5.000000 1.937500
v -1.000000 5.000000 1.687500
v -0.926776 5.000000 1.510723
v -0.926776 5.000000 1.864276
v -0.716506 5.125000 1.937500
v -0.869599 5.213388 1.864276
v -0.750000 5.000000 1.437500
v -0.500000 5.000000 1.687500
v -0.716506 5.125000 1.437500
v -0.536611 5.063414 1.510723
v -0.563413 5.036612 1.510723
v -0.933012 5.250000 1.687500
v -0.573223 5.000000 1.510723
v -0.563413 5.036612 1.864276
v -0.869599 5.213388 1.510723
v -0.500000 5.000000 1.687500
v -0.750000 5.433013 1.687500
v -0.500000 5.426777 1.864276
v -0.500000 5.500000 1.687500
v -0.713388 5.369599 1.510723
v -0.625000 5.216506 1.937500
v -0.713388 5.369599 1.864276
v -0.536611 5.063414 1.864276
v -0.500000 5.000000 1.687500
v -0.625000 5.216506 1.437500
v -0.500000 5.073223 1.510723
v -0.500000 5.000000 1.687500
v -0.500000 5.250000 1.937498
v -0.500000 5.250000 1.437500
v -0.500000 5.426777 1.510723
v -0.500000 5.073223 1.864276
v 1.864277 1.551777 1.437500
v 1.937500 1.375000 1.437500
v 1.687500 1.125000 1.437500
v 1.510724 1.198224 1.437500
v 1.864277 1.198224 1.437500
v 1.937500 1.408494 1.562500
v 1.864277 1.255401 1.650888
v 1.437500 1.375000 1.437500
v 1.687500 1.625000 1.437500
v 1.437500 1.408494 1.562500
v 1.510723 1.588389 1.500913
v 1.510723 1.561587 1.474111
v 1.687500 1.191988 1.687500
v 1.510723 1.551777 1.437500
v 1.864277 1.561587 1.474111
v 1.510724 1.255401 1.650888
v 1.687500 1.625000 1.437500
v 1.687500 1.375000 1.870513
v 1.864277 1.625000 1.864276
v 1.687500 1.625000 1.937500
v 1.510723 1.411612 1.807098
v 1.937500 1.500000 1.654006
v 1.864277 1.411612 1.807098
v 1.864277 1.588389 1.500913
v 1.687500 1.625000 1.437500
v 1.437500 1.500000 1.654006
v 1.510723 1.625000 1.510723
v 1.687500 1.625000 1.437500
v 1.937499 1.625000 1.687500
v 1.437500 1.625000 1.687500
v 1.510723 1.625000 1.864276
v 1.864277 1.625000 1.510723
v -0.926777 1.562500 1.864276
v -0.750000 1.562500 1.937500
v -0.500000 1.562500 1.687500
v -0.573224 1.562500 1.510723
v -0.573224 1.562500 1.864276
v -0.783494 1.437500 1.937500
v -0.630401 1.349112 1.864276
v -0.750000 1.562500 1.437500
v -1.000000 1.562500 1.687500
v -0.783494 1.437500 1.437500
v -0.963389 1.499086 1.510723
v -0.936587 1.525888 1.510723
v -0.566988 1.312500 1.687500
v -0.926777 1.562500 1.510723
v -0.936587 1.525888 1.864276
v -0.630401 1.349112 1.510723
v -1.000000 1.562500 1.687500
v -0.750000 1.129487 1.687500
v -1.000000 1.135723 1.864276
v -1.000000 1.062500 1.687500
v -0.786612 1.192901 1.510723
v -0.875000 1.345994 1.937500
v -0.786612 1.192901 1.864276
v -0.963389 1.499086 1.864276
v -1.000000 1.562500 1.687500
v -0.875000 1.345994 1.437500
v -1.000000 1.489277 1.510723
v -1.000000 1.562500 1.687500
v -1.000000 1.312500 1.937498
v -1.000000 1.312500 1.437500
v -1.000000 1.135723 1.510723
v -1.000000 1.489277 1.864276
v 1.510723 5.000000 1.510723
v 1.687500 5.000000 1.437499
v 1.937500 5.000000 1.687499
v 1.864276 5.000000 1.864276
v 1.864276 5.000000 1.510723
v 1.654006 5.125000 1.437499
v 1.807099 5.213388 1.510723
v 1.687500 5.000000 1.937499
v 1.437500 5.000000 1.687499
v 1.654006 5.125000 1.937499
v 1.474111 5.063414 1.864276
v 1.500913 5.036612 1.864276
v 1.870512 5.250000 1.687499
v 1.510723 5.000000 1.864276
v 1.500913 5.036612 1.510723
v 1.807099 5.213388 1.864276
v 1.437500 5.000000 1.687499
v 1.687500 5.433013 1.687499
v 1.437500 5.426777 1.510723
v 1.437500 5.500000 1.687499
v 1.650888 5.369599 1.864276
v 1.562500 5.216506 1.437499
v 1.650888 5.369599 1.510723
v 1.474111 5.063414 1.510723
v 1.437500 5.000000 1.687499
v 1.562500 5.216506 1.937499
v 1.437500 5.073223 1.864276
v 1.437500 5.000000 1.687499
v 1.437500 5.250000 1.437500
v 1.437500 5.250000 1.937499
v 1.437500 5.426777 1.864276
v 1.437500 5.073223 1.510723
v -0.926777 4.999949 1.864276
v -0.573223 1.562501 1.510724
v -0.750000 1.562501 1.437500
v -0.500000 1.562501 1.687500
v -0.573223 1.562501 1.864276
v -0.750000 1.562552 1.937500
v -1.000000 1.562501 1.687500
v -0.926777 1.562501 1.510724
v -0.500000 4.999949 1.687499
v -0.573223 4.999949 1.510724
v -0.750000 4.999949 1.437500
v -0.926777 4.999949 1.510724
v -0.573223 4.999949 1.864276
v -0.750000 5.000000 1.937500
v -1.000000 4.999949 1.687500
v -0.926777 1.562501 1.864276
v 1.937500 5.000000 1.687499
v 1.864277 5.000000 1.510724
v 1.687500 5.000000 1.437500
v 1.510723 5.000000 1.510724
v 1.864277 5.000000 1.864276
v 1.687500 5.000001 1.937500
v 1.510723 5.000000 1.864276
v 1.437500 5.000000 1.687500
v 1.864277 4.875001 1.510724
v 1.687500 4.875001 1.437500
v 1.937500 4.875001 1.687499
v 1.864277 4.875001 1.864276
v 1.687500 4.875003 1.937500
v 1.510723 4.875001 1.864276
v 1.437500 4.875001 1.687500
v 1.510723 4.875001 1.510724
v -1.124999 1.312500 1.437500
v -1.124999 1.135725 1.510723
v -1.124999 1.062501 1.687500
v -1.124999 1.135725 1.864277
v -1.124999 1.489277 1.510723
v -1.125001 1.562501 1.687500
v -1.124999 1.489277 1.864277
v -1.124999 1.312501 1.937500
v -1.000001 1.135725 1.510723
v -1.000001 1.062501 1.687500
v -1.000001 1.312500 1.437500
v -1.000001 1.489277 1.510723
v -1.000003 1.562501 1.687500
v -1.000001 1.489277 1.864277
v -1.000001 1.312501 1.937500
v -1.000001 1.135725 1.864277
v 0.562500 1.375000 0.125019
v 0.489277 1.198225 0.125019
v 0.312500 1.125001 0.125019
v 0.135723 1.198225 0.125019
v 0.489277 1.551777 0.125019
v 0.312500 1.625001 0.124999
v 0.135723 1.551777 0.125019
v 0.062500 1.375001 0.125019
v 0.489277 1.198225 1.437499
v 0.312500 1.125001 1.437499
v 0.562500 1.375000 1.437499
v 0.489277 1.551777 1.437499
v 0.312500 1.625001 1.437480
v 0.135723 1.551777 1.437499
v 0.062500 1.375001 1.437499
v 0.135723 1.198225 1.437499
v 1.937500 1.375000 0.125019
v 1.864277 1.198225 0.125019
v 1.687500 1.125001 0.125019
v 1.510723 1.198225 0.125019
v 1.864277 1.551777 0.125019
v 1.687500 1.625001 0.124999
v 1.510723 1.551777 0.125019
v 1.437500 1.375001 0.125019
v 1.864277 1.198225 1.437499
v 1.687500 1.125001 1.437499
v 1.937500 1.375000 1.437499
v 1.864277 1.551777 1.437499
v 1.687500 1.625001 1.437480
v 1.510723 1.551777 1.437499
v 1.437500 1.375001 1.437499
v 1.510723 1.198225 1.437499
v -0.499972 5.250000 1.437500
v -0.499972 5.073225 1.510723
v -0.499972 5.000001 1.687500
v -0.499972 5.073225 1.864276
v -0.499972 5.426777 1.510723
v -0.500001 5.500001 1.687500
v -0.499972 5.426777 1.864276
v -0.499972 5.250001 1.937500
v 1.437499 5.073225 1.510723
v 1.437499 5.000001 1.687500
v 1.437499 5.250000 1.437500
v 1.437499 5.426777 1.510723
v 1.437470 5.500001 1.687500
v 1.437499 5.426777 1.864276
v 1.437499 5.250001 1.937500
v 1.437499 5.073225 1.864276
v 0.562500 5.249996 1.687499
v 0.489277 5.249996 1.510724
v 0.312500 5.249996 1.437500
v 0.135723 5.249996 1.510724
v 0.489277 5.249996 1.864276
v 0.312500 5.250001 1.937500
v 0.135723 5.249996 1.864276
v 0.062500 5.249996 1.687500
v 0.489277 4.875001 1.510724
v 0.312500 4.875001 1.437500
v 0.562500 4.875001 1.687499
v 0.489277 4.875001 1.864276
v 0.312500 4.875007 1.937500
v 0.135723 4.875001 1.864276
v 0.062500 4.875001 1.687500
v 0.135723 4.875001 1.510724
v 0.375000 2.375000 0.468750
v 0.463389 2.411612 0.531250
v 0.375000 2.375000 0.531250
v 0.463389 2.411612 0.468750
v 0.500000 2.500000 0.531250
v 0.500000 2.500000 0.468750
v 0.463389 2.588388 0.531250
v 0.463389 2.588388 0.468750
v 0.375000 2.625000 0.531250
v 0.375000 2.625000 0.468750
v 0.286612 2.588388 0.531250
v 0.286612 2.588388 0.468750
v 0.250000 2.500000 0.531250
v 0.250000 2.500000 0.468750
v 0.286612 2.411612 0.531250
v 0.286612 2.411612 0.468750
v -1.031250 2.687500 1.687500
v -0.968750 2.724112 1.599111
v -0.968750 2.687500 1.687500
v -1.031250 2.724112 1.599111
v -0.968750 2.812500 1.562500
v -1.031250 2.812500 1.562500
v -0.968750 2.900888 1.599111
v -1.031250 2.900888 1.599111
v -0.968750 2.937500 1.687500
v -1.031250 2.937500 1.687500
v -0.968750 2.900888 1.775888
v -1.031250 2.900888 1.775888
v -0.968750 2.812500 1.812500
v -1.031250 2.812500 1.812500
v -0.968750 2.724112 1.775888
v -1.031250 2.724112 1.775888
v -1.031250 2.875000 1.000000
v -0.968750 2.911612 0.911611
v -0.968750 2.875000 1.000000
v -1.031250 2.911612 0.911611
v -0.968750 3.000000 0.875000
v -1.031250 3.000000 0.875000
v -0.968750 3.088388 0.911611
v -1.031250 3.088388 0.911611
v -0.968750 3.125000 1.000000
v -1.031250 3.125000 1.000000
v -0.968750 3.088388 1.088388
v -1.031250 3.088388 1.088388
v -0.968750 3.000000 1.125000
v -1.031250 3.000000 1.125000
v -0.968750 2.911612 1.088388
v -1.031250 2.911612 1.088388
v 1.000000 1.513922 -1.215658
v 0.860989 1.736643 -1.164625
v 1.000000 1.751662 -1.093130
v 0.769961 1.378593 -1.233031
v 0.734375 1.517901 -1.246654
v 0.769962 1.627305 -1.139764
v 0.873386 1.305861 -1.326168
v 0.999999 1.254237 -1.279665
v 1.139011 1.312563 -1.323655
v 1.230037 1.378594 -1.233031
v 1.265625 1.531305 -1.241627
v 1.230038 1.627306 -1.139764
v 1.126614 1.743345 -1.162112
v 2.500000 4.875000 2.250000
v -0.250000 4.750000 2.500000
v -0.250000 4.750000 2.250000
v -0.250000 5.000000 2.250000
v -0.500000 4.750000 2.250000
v -0.500000 5.000000 2.500000
v -0.375000 4.750000 2.500000
v -0.375000 4.750000 2.375000
v -0.500000 4.750000 2.500000
v -0.500000 4.750000 2.375000
v -0.375000 4.875000 2.250000
v -0.375000 5.000000 2.250000
v -0.500000 4.875000 2.250000
v -0.500000 5.000000 2.250000
v -0.375000 1.250000 2.375000
v -0.375000 1.250000 2.500000
v -0.500000 1.250000 2.500000
v -0.500000 1.250000 2.375000
v -0.375000 5.000000 0.750000
v -0.375000 4.875000 0.750000
v -0.500000 4.875000 0.750000
v -0.500000 5.000000 0.750000
v 2.250000 4.750000 0.500000
v 2.250000 4.750000 0.750000
v 2.250000 5.000000 0.750000
v 2.500000 4.750000 0.750000
v 2.500000 5.000000 0.500000
v 2.250000 4.875000 0.500000
v 2.250000 5.000000 0.500000
v 2.250000 4.875000 0.625000
v 2.250000 5.000000 0.625000
v 2.500000 4.750000 2.250000
v 2.250000 4.750000 2.250000
v 2.250000 5.000000 2.250000
v 2.250000 4.750000 2.500000
v 2.500000 5.000000 2.500000
v 2.500000 5.000000 2.250000
v 2.375000 4.875000 2.250000
v 2.375000 5.000000 2.250000
v 2.500000 4.750000 2.375000
v 2.375000 4.750000 2.375000
v 2.500000 4.750000 2.500000
v 2.375000 4.750000 2.500000
v 2.250000 4.875000 2.375000
v 2.250000 5.000000 2.375000
v 2.250000 4.875000 2.500000
v 2.250000 5.000000 2.500000
v 2.375000 1.250000 2.375000
v 2.500000 1.250000 2.375000
v 2.500000 1.250000 2.500000
v 2.375000 1.250000 2.500000
v -0.250000 5.000000 2.375000
v -0.250000 4.875000 2.375000
v -0.250000 4.875000 2.500000
v -0.250000 5.000000 2.500000
v 2.500000 5.000000 0.750000
v 2.500000 4.875000 0.750000
v 2.375000 4.875000 0.750000
v 2.375000 5.000000 0.750000
v -0.500000 4.750000 0.750000
v -0.250000 4.750000 0.750000
v -0.250000 5.000000 0.750000
v -0.250000 4.750000 0.500000
v -0.500000 5.000000 0.500000
v -0.250000 4.875000 0.625000
v -0.250000 5.000000 0.625000
v -0.250000 4.875000 0.500000
v -0.250000 5.000000 0.500000
v 2.375000 4.750000 0.500000
v 2.375000 4.750000 0.625000
v 2.500000 4.750000 0.500000
v 2.500000 4.750000 0.625000
v -0.500000 4.750000 0.625000
v -0.375000 4.750000 0.625000
v -0.500000 4.750000 0.500000
v -0.375000 4.750000 0.500000
v 2.500000 1.250000 2.250000
v 2.250000 1.250000 2.250000
v 2.250000 1.000000 2.250000
v 2.250000 1.250000 2.500000
v 2.500000 1.000000 2.500000
v 2.500000 1.125000 2.250000
v 2.500000 1.000000 2.250000
v 2.375000 1.125000 2.250000
v 2.375000 1.000000 2.250000
v 2.250000 1.125000 2.375000
v 2.250000 1.000000 2.375000
v 2.250000 1.125000 2.500000
v 2.250000 1.000000 2.500000
v 2.250000 1.250000 0.500000
v 2.250000 1.250000 0.750000
v 2.250000 1.000000 0.750000
v 2.500000 1.250000 0.750000
v 2.500000 1.000000 0.500000
v 2.250000 1.125000 0.625000
v 2.250000 1.000000 0.625000
v 2.375000 1.250000 0.500000
v 2.375000 1.250000 0.625000
v 2.500000 1.250000 0.500000
v 2.500000 1.250000 0.625000
v 2.375000 1.125000 0.750000
v 2.375000 1.000000 0.750000
v 2.500000 1.125000 0.750000
v 2.500000 1.000000 0.750000
v 2.375000 4.750000 0.500000
v 2.375000 4.750000 0.625000
v 2.500000 4.750000 0.500000
v 2.500000 4.750000 0.625000
v 2.375000 1.125000 2.250000
v 2.375000 1.000000 2.250000
v 2.500000 1.125000 2.250000
v 2.500000 1.000000 2.250000
v -0.250000 1.250000 2.500000
v -0.250000 1.250000 2.250000
v -0.250000 1.000000 2.250000
v -0.500000 1.250000 2.250000
v -0.500000 1.000000 2.500000
v -0.250000 1.125000 2.500000
v -0.250000 1.000000 2.500000
v -0.250000 1.125000 2.375000
v -0.250000 1.000000 2.375000
v -0.375000 1.125000 2.250000
v -0.375000 1.000000 2.250000
v -0.500000 1.125000 2.250000
v -0.500000 1.000000 2.250000
v 2.250000 1.125000 2.500000
v 2.250000 1.000000 2.500000
v 2.250000 1.125000 2.375000
v 2.250000 1.000000 2.375000
v -0.500000 1.250000 0.750000
v -0.250000 1.250000 0.750000
v -0.250000 1.000000 0.750000
v -0.250000 1.250000 0.500000
v -0.500000 1.000000 0.500000
v -0.500000 1.125000 0.750000
v -0.500000 1.000000 0.750000
v -0.375000 1.125000 0.750000
v -0.375000 1.000000 0.750000
v -0.500000 1.250000 0.625000
v -0.375000 1.250000 0.625000
v -0.500000 1.250000 0.500000
v -0.375000 1.250000 0.500000
v -0.250000 1.125000 0.625000
v -0.250000 1.000000 0.625000
v -0.250000 1.125000 0.500000
v -0.250000 1.000000 0.500000
v -0.500000 4.750000 0.625000
v -0.375000 4.750000 0.625000
v -0.500000 4.750000 0.500000
v -0.375000 4.750000 0.500000
v 2.250000 1.125000 0.625000
v 2.250000 1.000000 0.625000
v 2.250000 1.125000 0.500000
v 2.250000 1.000000 0.500000
v -0.500000 1.125000 2.250000
v -0.500000 1.000000 2.250000
v -0.375000 1.125000 2.250000
v -0.375000 1.000000 2.250000
v 2.500000 1.250000 2.375000
v 2.375000 1.250000 2.375000
v 2.500000 1.250000 2.500000
v 2.375000 1.250000 2.500000
v -0.375000 1.250000 2.500000
v -0.375000 1.250000 2.375000
v -0.500000 1.250000 2.500000
v -0.500000 1.250000 2.375000
v -2.375000 1.500000 2.125000
v -2.375000 1.500000 -1.375000
v -1.125000 1.500000 -1.375000
v -1.250000 1.500000 -1.250000
v -2.250000 1.500000 2.125000
v -2.250000 1.500000 -1.250000
v -2.375000 1.000000 2.125000
v -2.375000 1.000000 -1.375000
v -1.125000 1.000000 -1.375000
v -1.125000 1.000000 2.125000
v -1.250000 1.500000 1.375000
v -1.125000 1.500000 1.375000
v -1.250000 1.562500 1.375000
v -1.250000 1.625000 1.437500
v -1.125000 1.625000 1.437500
v -1.250000 1.625000 1.937500
v -1.125000 1.625000 1.937500
v -1.250000 1.562500 2.000000
v -1.250000 1.500000 2.000000
v -1.250000 1.500000 2.125000
v -1.125000 1.500000 2.125000
v -1.125000 1.500000 2.000000
v -1.125000 1.562500 2.000000
v -1.125000 1.562500 1.375000
v -2.500000 1.000000 -1.500000
v -2.375000 1.000000 -1.375000
v -2.500000 -0.000000 -1.500000
v -2.375000 1.000000 2.375000
v 2.500000 1.000000 2.500000
v 2.500000 -0.000000 -1.500000
v -2.500000 0.000000 2.500000
v 2.500000 0.000000 2.500000
v -2.500000 1.000000 2.500000
v -1.125000 1.000000 -1.375000
v -1.125000 1.000000 -1.500000
v -1.125000 1.000000 2.500000
v -1.125000 1.000000 2.375000
v -0.500000 2.000000 -1.000000
v -0.500000 2.000000 -0.000000
v 2.500000 2.000000 -1.000000
v 2.500000 2.000000 -0.000000
v 2.500000 1.000000 0.375000
v 2.500000 1.000000 -1.375000
v -0.500000 1.000000 -1.375000
v -0.500000 1.000000 0.375000
v 2.500000 1.000000 -1.500000
v -0.500000 1.000000 -1.500000
v 2.125000 1.000000 -1.437500
v 2.000000 1.000000 -1.437500
v 2.125000 2.062500 -1.043750
v 2.000000 2.062500 -1.043750
v 2.000000 1.000000 0.437500
v 2.125000 1.000000 0.437500
v 2.000000 2.062500 0.043750
v 2.125000 2.062500 0.043750
v 2.125000 1.000000 -1.375000
v 2.125000 2.000000 -1.000000
v 2.125000 2.000000 -0.000000
v 2.125000 1.000000 0.375000
v 2.000000 2.000000 -1.000000
v 2.000000 1.000000 -1.375000
v 2.000000 2.000000 -0.000000
v 2.000000 1.000000 0.375000
v 0.000000 1.000000 -1.437500
v -0.125000 1.000000 -1.437500
v 0.000000 2.062500 -1.043750
v -0.125000 2.062500 -1.043750
v -0.125000 1.000000 0.437500
v 0.000000 1.000000 0.437500
v -0.125000 2.062500 0.043750
v 0.000000 2.062500 0.043750
v 0.000000 1.000000 -1.375000
v 0.000000 2.000000 -1.000000
v 0.000000 2.000000 -0.000000
v 0.000000 1.000000 0.375000
v -0.125000 2.000000 -1.000000
v -0.125000 1.000000 -1.375000
v -0.125000 2.000000 -0.000000
v -0.125000 1.000000 0.375000
v 0.656250 1.821863 -1.066801
v 0.656250 1.178137 -1.308199
v 1.343750 1.821863 -1.066801
v 1.343750 1.178137 -1.308199
v 1.343750 1.843808 -1.125322
v 1.343750 1.200082 -1.366719
v 0.656250 1.843808 -1.125322
v 0.656250 1.200082 -1.366719
v 1.281250 1.785288 -1.147267
v 0.718750 1.785288 -1.147267
v 1.281250 1.763342 -1.088747
v 0.718750 1.763342 -1.088747
v 1.281250 1.236657 -1.286254
v 0.718750 1.236657 -1.286254
v 1.281250 1.258602 -1.344774
v 0.718750 1.258602 -1.344774
v -2.183013 1.875000 2.125000
v -1.316987 1.875000 2.125000
v -1.250000 1.500000 2.125000
v -1.375000 2.250000 2.375000
v -2.125000 2.250000 2.375000
v -2.250000 1.500000 2.125000
v -2.250000 1.625000 2.125000
v -1.250000 1.625000 2.125000
v -2.125000 2.250000 2.125000
v -2.375000 2.000000 2.375000
v -1.125000 2.000000 2.375000
v -1.125000 1.000000 2.125000
v -1.125000 2.000000 2.125000
v -1.125000 1.500000 2.125000
v -2.375000 1.500000 2.125000
v -2.375000 2.000000 2.125000
v -2.375000 1.000000 2.125000
v -2.375000 1.000000 2.375000
v -1.125000 1.000000 2.375000
v -2.000000 2.058012 2.125000
v -2.183013 1.875000 2.125000
v -1.750000 2.250000 2.125000
v -1.750000 2.125000 2.125000
v -1.316987 1.875000 2.125000
v -1.500000 2.058012 2.125000
v -1.375000 2.250000 2.125000
v -1.500000 2.058012 2.125000
v 0.500000 3.718750 0.687500
v 0.566987 3.593750 0.437500
v 0.500000 3.593750 0.687500
v 0.566987 3.718750 0.437500
v 0.750000 3.593750 0.254488
v 0.750000 3.718750 0.254488
v 1.000000 3.593750 0.187500
v 1.000000 3.718750 0.187500
v 1.250000 3.593750 0.254488
v 1.250000 3.718750 0.254488
v 1.433013 3.593750 0.437500
v 1.433013 3.718750 0.437500
v 1.500000 3.593750 0.687500
v 1.500000 3.718750 0.687500
v 1.433013 3.593750 0.937500
v 1.433013 3.718750 0.937500
v 1.250000 3.593750 1.120512
v 1.250000 3.718750 1.120512
v 1.000000 3.593750 1.187500
v 1.000000 3.718750 1.187500
v 0.750000 3.593750 1.120512
v 0.750000 3.718750 1.120512
v 0.566987 3.593750 0.937500
v 0.566987 3.718750 0.937500
v 1.218750 3.718750 0.308614
v 1.000000 3.718750 0.250000
v 0.781250 3.718750 0.308614
v 0.621114 3.718750 0.468750
v 0.562500 3.718750 0.687500
v 0.621114 3.718750 0.906250
v 0.781250 3.718750 1.066385
v 1.000000 3.718750 1.125000
v 1.218750 3.718750 1.066385
v 1.378886 3.718750 0.906250
v 1.378886 3.718750 0.468750
v 1.437500 3.718750 0.687500
v 0.562500 3.593750 0.687500
v 0.621114 3.593750 0.906250
v 0.781250 3.593750 1.066385
v 1.000000 3.593750 1.125000
v 1.218750 3.593750 1.066385
v 1.378886 3.593750 0.906250
v 1.437500 3.593750 0.687500
v 1.378886 3.593750 0.468750
v 1.218750 3.593750 0.308614
v 1.000000 3.593750 0.250000
v 0.781250 3.593750 0.308614
v 0.621114 3.593750 0.468750
v 0.745376 1.000000 0.344488
v 0.500000 2.062500 0.687500
v 0.566987 1.937500 0.437500
v 0.500000 1.937500 0.687500
v 0.566987 2.062500 0.437500
v 0.750000 1.937500 0.254488
v 0.750000 2.062500 0.254488
v 1.000000 1.937500 0.187500
v 1.000000 2.062500 0.187500
v 1.250000 1.937500 0.254488
v 1.250000 2.062500 0.254488
v 1.433013 1.937500 0.437500
v 1.433013 2.062500 0.437500
v 1.500000 1.937500 0.687500
v 1.500000 2.062500 0.687500
v 1.433013 1.937500 0.937500
v 1.433013 2.062500 0.937500
v 1.250000 1.937500 1.120512
v 1.250000 2.062500 1.120512
v 1.000000 1.937500 1.187500
v 1.000000 2.062500 1.187500
v 0.750000 1.937500 1.120512
v 0.750000 2.062500 1.120512
v 0.566987 1.937500 0.937500
v 0.566987 2.062500 0.937500
v 1.218750 2.062500 0.308614
v 1.000000 2.062500 0.250000
v 0.781250 2.062500 0.308614
v 0.621114 2.062500 0.468750
v 0.562500 2.062500 0.687500
v 0.621114 2.062500 0.906250
v 0.781250 2.062500 1.066385
v 1.000000 2.062500 1.125000
v 1.218750 2.062500 1.066385
v 1.378886 2.062500 0.906250
v 1.378886 2.062500 0.468750
v 1.437500 2.062500 0.687500
v 0.562500 1.937500 0.687500
v 0.621114 1.937500 0.906250
v 0.781250 1.937500 1.066385
v 1.000000 1.937500 1.125000
v 1.218750 1.937500 1.066385
v 1.378886 1.937500 0.906250
v 1.437500 1.937500 0.687500
v 1.378886 1.937500 0.468750
v 1.218750 1.937500 0.308614
v 1.000000 1.937500 0.250000
v 0.781250 1.937500 0.308614
v 0.621114 1.937500 0.468750
v 0.656987 1.000000 0.942124
v 0.702688 1.000000 1.073200
v 1.254624 1.000000 1.030512
v 1.385701 1.000000 0.984812
v 1.254624 1.000000 0.344488
v 1.385701 1.000000 0.390188
v 0.614299 1.000000 0.390188
v 1.297312 1.000000 0.301800
v 1.343012 1.000000 0.942124
v 1.343012 1.000000 0.432876
v 1.297312 1.000000 1.073200
v 0.614299 1.000000 0.984812
v 0.745376 1.000000 1.030512
v 0.702688 1.000000 0.301800
v 0.656987 1.000000 0.432876
v 0.702688 1.937500 1.073200
v 0.745376 1.937500 1.030512
v 0.656987 1.937500 0.942124
v 0.614299 1.937500 0.984812
v 0.614299 1.937500 0.390188
v 0.656987 1.937500 0.432876
v 0.745376 1.937500 0.344488
v 0.702688 1.937500 0.301800
v 1.297312 1.937500 0.301800
v 1.254624 1.937500 0.344488
v 1.343012 1.937500 0.432876
v 1.385701 1.937500 0.390188
v 1.385701 1.937500 0.984812
v 1.343012 1.937500 0.942124
v 1.254624 1.937500 1.030512
v 1.297312 1.937500 1.073200
v -0.375000 3.843750 1.687500
v -0.282893 3.718750 1.343750
v -0.375000 3.718750 1.687500
v -0.282893 3.843750 1.343750
v -0.031250 3.718750 1.092108
v -0.031250 3.843750 1.092108
v 0.312500 3.718750 1.000000
v 0.312500 3.843750 1.000000
v 0.656250 3.718750 1.092108
v 0.656250 3.843750 1.092108
v 0.907893 3.718750 1.343750
v 0.907893 3.843750 1.343750
v 1.000000 3.718750 1.687500
v 1.000000 3.843750 1.687500
v 0.907893 3.718750 2.031250
v 0.907893 3.843750 2.031250
v 0.656250 3.718750 2.282891
v 0.656250 3.843750 2.282891
v 0.312500 3.718750 2.375000
v 0.312500 3.843750 2.375000
v -0.031250 3.718750 2.282891
v -0.031250 3.843750 2.282891
v -0.282893 3.718750 2.031250
v -0.282893 3.843750 2.031250
v 0.312500 3.843750 2.312500
v 0.625000 3.843750 2.228765
v 0.853766 3.843750 2.000000
v 0.937500 3.843750 1.687500
v 0.853766 3.843750 1.375000
v 0.625000 3.843750 1.146235
v 0.312500 3.843750 1.062500
v 0.000000 3.843750 1.146235
v -0.228766 3.843750 1.375000
v -0.312500 3.843750 1.687500
v 0.000000 3.843750 2.228765
v -0.228766 3.843750 2.000000
v 0.853766 3.718750 1.375000
v 0.937500 3.718750 1.687500
v 0.853766 3.718750 2.000000
v 0.625000 3.718750 2.228765
v 0.312500 3.718750 2.312500
v 0.000000 3.718750 2.228765
v -0.228766 3.718750 2.000000
v -0.312500 3.718750 1.687500
v -0.228766 3.718750 1.375000
v 0.000000 3.718750 1.146235
v 0.625000 3.718750 1.146235
v 0.312500 3.718750 1.062500
v 0.312500 2.250000 2.375000
v -0.031250 2.125000 2.282893
v 0.312500 2.125000 2.375000
v -0.031250 2.250000 2.282893
v -0.282892 2.125000 2.031250
v -0.282892 2.250000 2.031250
v -0.375000 2.125000 1.687500
v -0.375000 2.250000 1.687500
v -0.282892 2.125000 1.343750
v -0.282892 2.250000 1.343750
v -0.031250 2.125000 1.092107
v -0.031250 2.250000 1.092107
v 0.312500 2.125000 1.000000
v 0.312500 2.250000 1.000000
v 0.656250 2.125000 1.092107
v 0.656250 2.250000 1.092107
v 0.907892 2.125000 1.343750
v 0.907892 2.250000 1.343750
v 1.000000 2.125000 1.687500
v 1.000000 2.250000 1.687500
v 0.907892 2.125000 2.031250
v 0.907892 2.250000 2.031250
v 0.656250 2.125000 2.282893
v 0.656250 2.250000 2.282893
v 0.937500 2.250000 1.687500
v 0.853765 2.250000 1.375000
v 0.625000 2.250000 1.146234
v 0.312500 2.250000 1.062500
v -0.000000 2.250000 1.146234
v -0.228765 2.250000 1.375000
v -0.312500 2.250000 1.687500
v -0.228765 2.250000 2.000000
v -0.000000 2.250000 2.228766
v 0.312500 2.250000 2.312500
v 0.853765 2.250000 2.000000
v 0.625000 2.250000 2.228766
v -0.000000 2.125000 1.146234
v 0.312500 2.125000 1.062500
v 0.625000 2.125000 1.146234
v 0.853765 2.125000 1.375000
v 0.937500 2.125000 1.687500
v 0.853765 2.125000 2.000000
v 0.625000 2.125000 2.228766
v 0.312500 2.125000 2.312500
v -0.000000 2.125000 2.228766
v -0.228765 2.125000 2.000000
v -0.228765 2.125000 1.375000
v -0.312500 2.125000 1.687500
v 0.783577 2.125000 1.304811
v 0.826265 2.125000 1.262123
v 0.737877 2.125000 1.173734
v 0.695188 2.125000 1.216422
v -0.158577 2.125000 2.070189
v -0.201265 2.125000 2.112877
v -0.112877 2.125000 2.201266
v -0.070188 2.125000 2.158577
v -0.158577 1.000000 2.070189
v -0.201265 1.000000 2.112877
v -0.112877 1.000000 2.201266
v -0.070188 1.000000 2.158577
v 0.783577 1.000000 1.304811
v 0.826265 1.000000 1.262123
v 0.737877 1.000000 1.173734
v 0.695188 1.000000 1.216422
v 0.695188 1.000000 2.158577
v 0.783577 1.000000 2.070189
v -0.070188 1.000000 1.216422
v -0.158577 1.000000 1.304811
v 0.826265 1.000000 2.112877
v 0.737877 1.000000 2.201266
v -0.201265 1.000000 1.262123
v -0.112877 1.000000 1.173734
v -0.201265 2.125000 1.262123
v -0.158577 2.125000 1.304811
v -0.070188 2.125000 1.216422
v -0.112877 2.125000 1.173734
v 0.695188 2.125000 2.158577
v 0.737877 2.125000 2.201266
v 0.826265 2.125000 2.112877
v 0.783577 2.125000 2.070189
v 1.000000 3.843750 1.687500
v 1.092107 3.718750 1.343750
v 1.000000 3.718750 1.687500
v 1.092107 3.843750 1.343750
v 1.343750 3.718750 1.092108
v 1.343750 3.843750 1.092108
v 1.687500 3.718750 1.000000
v 1.687500 3.843750 1.000000
v 2.031250 3.718750 1.092108
v 2.031250 3.843750 1.092108
v 2.282893 3.718750 1.343750
v 2.282893 3.843750 1.343750
v 2.375000 3.718750 1.687500
v 2.375000 3.843750 1.687500
v 2.282893 3.718750 2.031250
v 2.282893 3.843750 2.031250
v 2.031250 3.718750 2.282891
v 2.031250 3.843750 2.282891
v 1.687500 3.718750 2.375000
v 1.687500 3.843750 2.375000
v 1.343750 3.718750 2.282891
v 1.343750 3.843750 2.282891
v 1.092107 3.718750 2.031250
v 1.092107 3.843750 2.031250
v 1.687500 3.843750 2.312500
v 2.000000 3.843750 2.228765
v 2.228766 3.843750 2.000000
v 2.312500 3.843750 1.687500
v 2.228766 3.843750 1.375000
v 2.000000 3.843750 1.146235
v 1.687500 3.843750 1.062500
v 1.375000 3.843750 1.146235
v 1.146234 3.843750 1.375000
v 1.062500 3.843750 1.687500
v 1.375000 3.843750 2.228765
v 1.146234 3.843750 2.000000
v 2.228766 3.718750 1.375000
v 2.312500 3.718750 1.687500
v 2.228766 3.718750 2.000000
v 2.000000 3.718750 2.228765
v 1.687500 3.718750 2.312500
v 1.375000 3.718750 2.228765
v 1.146234 3.718750 2.000000
v 1.062500 3.718750 1.687500
v 1.146234 3.718750 1.375000
v 1.375000 3.718750 1.146235
v 2.000000 3.718750 1.146235
v 1.687500 3.718750 1.062500
v 1.687500 2.250000 2.375000
v 1.343750 2.125000 2.282893
v 1.687500 2.125000 2.375000
v 1.343750 2.250000 2.282893
v 1.092108 2.125000 2.031250
v 1.092108 2.250000 2.031250
v 1.000000 2.125000 1.687500
v 1.000000 2.250000 1.687500
v 1.092108 2.125000 1.343750
v 1.092108 2.250000 1.343750
v 1.343750 2.125000 1.092107
v 1.343750 2.250000 1.092107
v 1.687500 2.125000 1.000000
v 1.687500 2.250000 1.000000
v 2.031250 2.125000 1.092107
v 2.031250 2.250000 1.092107
v 2.282892 2.125000 1.343750
v 2.282892 2.250000 1.343750
v 2.375000 2.125000 1.687500
v 2.375000 2.250000 1.687500
v 2.282892 2.125000 2.031250
v 2.282892 2.250000 2.031250
v 2.031250 2.125000 2.282893
v 2.031250 2.250000 2.282893
v 2.312500 2.250000 1.687500
v 2.228765 2.250000 1.375000
v 2.000000 2.250000 1.146234
v 1.687500 2.250000 1.062500
v 1.375000 2.250000 1.146234
v 1.146235 2.250000 1.375000
v 1.062500 2.250000 1.687500
v 1.146235 2.250000 2.000000
v 1.375000 2.250000 2.228766
v 1.687500 2.250000 2.312500
v 2.228765 2.250000 2.000000
v 2.000000 2.250000 2.228766
v 1.375000 2.125000 1.146234
v 1.687500 2.125000 1.062500
v 2.000000 2.125000 1.146234
v 2.228765 2.125000 1.375000
v 2.312500 2.125000 1.687500
v 2.228765 2.125000 2.000000
v 2.000000 2.125000 2.228766
v 1.687500 2.125000 2.312500
v 1.375000 2.125000 2.228766
v 1.146235 2.125000 2.000000
v 1.146235 2.125000 1.375000
v 1.062500 2.125000 1.687500
v 2.158576 2.125000 1.304811
v 2.201265 2.125000 1.262123
v 2.112877 2.125000 1.173734
v 2.070189 2.125000 1.216422
v 1.216423 2.125000 2.070189
v 1.173735 2.125000 2.112877
v 1.262123 2.125000 2.201266
v 1.304812 2.125000 2.158577
v 1.216423 1.000000 2.070189
v 1.173735 1.000000 2.112877
v 1.262123 1.000000 2.201266
v 1.304812 1.000000 2.158577
v 2.158576 1.000000 1.304811
v 2.201265 1.000000 1.262123
v 2.112877 1.000000 1.173734
v 2.070189 1.000000 1.216422
v 2.070189 1.000000 2.158577
v 2.158576 1.000000 2.070189
v 1.304812 1.000000 1.216422
v 1.216423 1.000000 1.304811
v 2.201265 1.000000 2.112877
v 2.112877 1.000000 2.201266
v 1.173735 1.000000 1.262123
v 1.262123 1.000000 1.173734
v 1.173735 2.125000 1.262123
v 1.216423 2.125000 1.304811
v 1.304812 2.125000 1.216422
v 1.262123 2.125000 1.173734
v 2.070189 2.125000 2.158577
v 2.112877 2.125000 2.201266
v 2.201265 2.125000 2.112877
v 2.158576 2.125000 2.070189
v -2.250000 1.625000 2.125000
v -2.183013 1.875000 -1.250000
v -2.250000 1.625000 -1.250000
v -2.183013 1.875000 2.125000
v -2.000000 2.058012 2.125000
v -1.750000 2.125000 2.125000
v -1.500000 2.058012 2.125000
v -1.316987 1.875000 2.125000
v -1.250000 1.625000 -1.250000
v -1.250000 1.625000 2.125000
v -1.316987 1.875000 -1.250000
v -1.250000 1.625000 -1.250000
v -1.500000 2.058012 -1.250000
v -1.750000 2.125000 -1.250000
v -2.000000 2.058012 -1.250000
v -1.250000 1.500000 2.125000
v -1.250000 1.500000 -1.250000
v -2.250000 1.500000 -1.250000
v -2.250000 1.500000 2.125000
v 1.062500 4.523438 1.687500
v 1.146234 1.728516 1.375000
v 1.062500 1.728516 1.687500
v 1.146234 4.523438 1.375000
v 1.375000 1.728516 1.146235
v 1.375000 4.523438 1.146235
v 1.687500 1.728516 1.062500
v 1.687500 4.523438 1.062500
v 2.000000 1.728516 1.146235
v 2.000000 4.523438 1.146235
v 2.228766 1.728516 1.375000
v 2.228766 4.523438 1.375000
v 2.312500 1.728516 1.687500
v 2.312500 4.523438 1.687500
v 2.228766 1.728516 2.000000
v 2.228766 4.523438 2.000000
v 2.000000 1.728516 2.228765
v 2.000000 4.523438 2.228765
v 1.687500 1.728516 2.312500
v 1.687500 4.523438 2.312500
v 1.375000 1.728516 2.228765
v 1.375000 4.523438 2.228765
v 1.146234 1.728516 2.000000
v 1.146234 4.523438 2.000000
v 1.937500 1.728516 1.254488
v 2.012259 1.625000 1.500000
v 1.875000 1.625000 1.362741
v 1.218750 4.727848 1.416867
v 1.375000 4.881324 1.687500
v 1.687500 4.937500 1.687500
v 1.416867 4.881324 1.531250
v 1.146234 4.727848 1.687500
v 1.531250 4.881324 1.416867
v 1.416867 4.727848 1.218750
v 1.687500 4.881324 1.375000
v 1.687500 4.727848 1.146235
v 1.843750 4.881324 1.416867
v 1.958133 4.727848 1.218750
v 2.156250 4.727848 1.416867
v 1.958133 4.881324 1.531250
v 2.228765 4.727848 1.687500
v 2.000000 4.881324 1.687500
v 2.156250 4.727848 1.958133
v 1.958133 4.881324 1.843750
v 1.843750 4.881324 1.958133
v 1.958133 4.727848 2.156250
v 1.687500 4.727848 2.228765
v 1.687500 4.881324 2.000000
v 1.416867 4.727848 2.156250
v 1.531250 4.881324 1.958133
v 1.416867 4.881324 1.843750
v 1.218750 4.727848 1.958133
v 1.187500 1.728516 1.687500
v 1.254487 1.728516 1.437500
v 1.437500 1.728516 1.254488
v 1.687500 1.728516 1.187500
v 2.120512 1.728516 1.437500
v 2.187500 1.728516 1.687500
v 2.120512 1.728516 1.937500
v 1.937500 1.728516 2.120513
v 1.687500 1.728516 2.187500
v 1.437500 1.728516 2.120513
v 1.254487 1.728516 1.937500
v 1.687500 1.625000 1.312500
v 2.012259 1.625000 1.875000
v 1.362740 1.625000 1.875000
v 1.362740 1.625000 1.500000
v 1.875000 1.625000 2.012259
v 1.500000 1.625000 1.362741
v 1.500000 1.625000 2.012259
v 1.687500 1.625000 2.062500
v 2.062500 1.625000 1.687500
v 1.312500 1.625000 1.687500
v 1.687500 1.625000 1.687500
v 0.562500 4.070312 0.687500
v 0.621114 1.591797 0.468750
v 0.562500 1.591797 0.687500
v 0.621114 4.070312 0.468750
v 0.781250 1.591797 0.308614
v 0.781250 4.070312 0.308614
v 1.000000 1.591797 0.250000
v 1.000000 4.070312 0.250000
v 1.218750 1.591797 0.308614
v 1.218750 4.070312 0.308614
v 1.378886 1.591797 0.468750
v 1.378886 4.070312 0.468750
v 1.437500 1.591797 0.687500
v 1.437500 4.070312 0.687500
v 1.378886 1.591797 0.906250
v 1.378886 4.070312 0.906250
v 1.218750 1.591797 1.066385
v 1.218750 4.070312 1.066385
v 1.000000 1.591797 1.125000
v 1.000000 4.070312 1.125000
v 0.781250 1.591797 1.066385
v 0.781250 4.070312 1.066385
v 0.621114 1.591797 0.906250
v 0.621114 4.070312 0.906250
v 1.175000 1.591797 0.384392
v 1.227331 1.500000 0.556250
v 1.131250 1.500000 0.460169
v 0.671875 4.251582 0.498056
v 0.781250 4.387684 0.687500
v 1.000000 4.437500 0.687500
v 0.810557 4.387684 0.578125
v 0.621114 4.251582 0.687500
v 0.890625 4.387684 0.498056
v 0.810557 4.251582 0.359375
v 1.000000 4.387684 0.468750
v 1.000000 4.251582 0.308614
v 1.109375 4.387684 0.498056
v 1.189443 4.251582 0.359375
v 1.328125 4.251582 0.498056
v 1.189443 4.387684 0.578125
v 1.378886 4.251582 0.687500
v 1.218750 4.387684 0.687500
v 1.328125 4.251582 0.876943
v 1.189443 4.387684 0.796875
v 1.109375 4.387684 0.876943
v 1.189443 4.251582 1.015625
v 1.000000 4.251582 1.066385
v 1.000000 4.387684 0.906250
v 0.810557 4.251582 1.015625
v 0.890625 4.387684 0.876943
v 0.810557 4.387684 0.796875
v 0.671875 4.251582 0.876943
v 0.650000 1.591797 0.687500
v 0.696891 1.591797 0.512500
v 0.825000 1.591797 0.384392
v 1.000000 1.591797 0.337500
v 1.303108 1.591797 0.512500
v 1.350000 1.591797 0.687500
v 1.303108 1.591797 0.862500
v 1.175000 1.591797 0.990609
v 1.000000 1.591797 1.037500
v 0.825000 1.591797 0.990609
v 0.696891 1.591797 0.862500
v 1.000000 1.500000 0.425000
v 1.227331 1.500000 0.818750
v 0.772668 1.500000 0.818750
v 0.772668 1.500000 0.556250
v 1.131250 1.500000 0.914831
v 0.868750 1.500000 0.460169
v 0.868750 1.500000 0.914831
v 1.000000 1.500000 0.950000
v 1.262500 1.500000 0.687500
v 0.737500 1.500000 0.687500
v 1.000000 1.500000 0.687500
v -0.312500 4.523438 1.687500
v -0.228766 1.728516 1.375000
v -0.312500 1.728516 1.687500
v -0.228766 4.523438 1.375000
v 0.000000 1.728516 1.146235
v 0.000000 4.523438 1.146235
v 0.312500 1.728516 1.062500
v 0.312500 4.523438 1.062500
v 0.625000 1.728516 1.146235
v 0.625000 4.523438 1.146235
v 0.853766 1.728516 1.375000
v 0.853766 4.523438 1.375000
v 0.937500 1.728516 1.687500
v 0.937500 4.523438 1.687500
v 0.853766 1.728516 2.000000
v 0.853766 4.523438 2.000000
v 0.625000 1.728516 2.228765
v 0.625000 4.523438 2.228765
v 0.312500 1.728516 2.312500
v 0.312500 4.523438 2.312500
v 0.000000 1.728516 2.228765
v 0.000000 4.523438 2.228765
v -0.228766 1.728516 2.000000
v -0.228766 4.523438 2.000000
v 0.562500 1.728516 1.254488
v 0.637259 1.625000 1.500000
v 0.500000 1.625000 1.362741
v -0.156250 4.727848 1.416867
v 0.000000 4.881324 1.687500
v 0.312500 4.937500 1.687500
v 0.041867 4.881324 1.531250
v -0.228766 4.727848 1.687500
v 0.156250 4.881324 1.416867
v 0.041867 4.727848 1.218750
v 0.312500 4.881324 1.375000
v 0.312500 4.727848 1.146235
v 0.468750 4.881324 1.416867
v 0.583133 4.727848 1.218750
v 0.781250 4.727848 1.416867
v 0.583133 4.881324 1.531250
v 0.853765 4.727848 1.687500
v 0.625000 4.881324 1.687500
v 0.781250 4.727848 1.958133
v 0.583133 4.881324 1.843750
v 0.468750 4.881324 1.958133
v 0.583133 4.727848 2.156250
v 0.312500 4.727848 2.228765
v 0.312500 4.881324 2.000000
v 0.041867 4.727848 2.156250
v 0.156250 4.881324 1.958133
v 0.041867 4.881324 1.843750
v -0.156250 4.727848 1.958133
v -0.187500 1.728516 1.687500
v -0.120513 1.728516 1.437500
v 0.062500 1.728516 1.254488
v 0.312500 1.728516 1.187500
v 0.745512 1.728516 1.437500
v 0.812500 1.728516 1.687500
v 0.745512 1.728516 1.937500
v 0.562500 1.728516 2.120513
v 0.312500 1.728516 2.187500
v 0.062500 1.728516 2.120513
v -0.120513 1.728516 1.937500
v 0.312500 1.625000 1.312500
v 0.637259 1.625000 1.875000
v -0.012260 1.625000 1.875000
v -0.012260 1.625000 1.500000
v 0.500000 1.625000 2.012259
v 0.125000 1.625000 1.362741
v 0.125000 1.625000 2.012259
v 0.312500 1.625000 2.062500
v 0.687500 1.625000 1.687500
v -0.062500 1.625000 1.687500
v 0.312500 1.625000 1.687500
vn 0.3574 0.3574 -0.8629
vn 0.7152 0.4941 -0.4942
vn 0.6870 0.6713 -0.2781
vn -0.8688 0.0139 -0.4950
vn -1.0000 0.0001 -0.0000
vn -0.6871 0.2781 -0.6713
vn 0.6870 -0.6714 0.2781
vn -0.0001 -0.7072 0.7071
vn 0.0001 -0.9239 0.3827
vn 0.6870 -0.2781 0.6714
vn 0.0001 -0.7072 0.7071
vn 0.7152 -0.4942 0.4942
vn -1.0000 -0.0000 -0.0000
vn -0.6871 -0.2780 0.6713
vn -1.0000 -0.0000 0.0001
vn 1.0000 -0.0001 -0.0000
vn 0.6871 -0.2781 0.6713
vn 0.7153 -0.4941 0.4942
vn 0.7153 0.4941 -0.4942
vn 1.0000 0.0001 -0.0001
vn 1.0000 -0.0000 -0.0001
vn -0.6870 0.2781 -0.6713
vn 0.3575 0.3575 -0.8628
vn -0.8688 0.0138 -0.4950
vn -0.0000 -0.7071 0.7071
vn -0.6870 -0.2781 0.6714
vn -0.7153 -0.4942 0.4942
vn -0.6871 -0.6712 0.2781
vn -1.0000 -0.0001 -0.0000
vn 0.3575 0.3574 -0.8628
vn -0.8687 0.0139 -0.4951
vn -0.7266 -0.6348 0.2630
vn 0.6871 0.6713 -0.2781
vn 1.0000 0.0001 -0.0000
vn 0.7153 -0.4942 0.4941
vn 0.6871 -0.6713 0.2780
vn -0.0001 -0.9239 0.3827
vn -0.6870 -0.6714 0.2781
vn -0.7267 -0.6347 0.2628
vn 0.3574 0.3574 -0.8628
vn 0.6870 0.2781 -0.6713
vn 0.7152 0.4942 -0.4942
vn 0.3574 -0.8629 0.3574
vn 0.4941 -0.4942 0.7152
vn 0.6713 -0.2781 0.6870
vn 0.0139 -0.4950 -0.8688
vn 0.0001 -0.0000 -1.0000
vn 0.2781 -0.6713 -0.6871
vn -0.6714 0.2781 0.6870
vn -0.7072 0.7071 -0.0001
vn -0.9239 0.3827 0.0001
vn -0.2781 0.6714 0.6870
vn -0.7072 0.7071 0.0001
vn -0.4942 0.4942 0.7152
vn -0.0000 -0.0000 -1.0000
vn -0.2780 0.6713 -0.6871
vn -0.0000 0.0001 -1.0000
vn -0.0001 -0.0000 1.0000
vn -0.2781 0.6713 0.6871
vn -0.4941 0.4942 0.7153
vn 0.4941 -0.4942 0.7153
vn 0.0001 -0.0001 1.0000
vn -0.0000 -0.0001 1.0000
vn 0.2781 -0.6713 -0.6870
vn 0.3575 -0.8628 0.3575
vn 0.0138 -0.4950 -0.8688
vn -0.7071 0.7071 -0.0000
vn -0.2781 0.6714 -0.6870
vn -0.4942 0.4942 -0.7152
vn -0.6712 0.2781 -0.6871
vn -0.0001 -0.0000 -1.0000
vn 0.3574 -0.8628 0.3575
vn 0.0139 -0.4951 -0.8687
vn -0.6348 0.2630 -0.7266
vn 0.6713 -0.2781 0.6871
vn 0.0001 -0.0000 1.0000
vn -0.4942 0.4941 0.7153
vn -0.6713 0.2780 0.6871
vn -0.9239 0.3827 -0.0001
vn -0.4942 0.4942 -0.7153
vn -0.6714 0.2781 -0.6870
vn -0.6347 0.2628 -0.7267
vn 0.3574 -0.8628 0.3574
vn 0.2781 -0.6714 0.6870
vn 0.4942 -0.4942 0.7152
vn -0.0000 -0.7072 -0.7070
vn 0.0001 -1.0000 -0.0001
vn -0.0000 -0.0001 -1.0000
vn -0.0000 -0.7070 -0.7072
vn -0.0000 0.7070 -0.7072
vn -0.0000 1.0000 -0.0001
vn -0.0000 0.7072 -0.7070
vn -0.0000 0.7072 0.7070
vn -0.0000 1.0000 0.0001
vn -0.0000 0.0001 1.0000
vn -0.0000 0.7070 0.7072
vn -0.0000 -0.7070 0.7072
vn -0.0001 -1.0000 0.0001
vn -0.0000 -0.7072 0.7071
vn -0.0000 -1.0000 0.0001
vn 0.7070 -0.7072 0.0001
vn 0.0001 -1.0000 -0.0000
vn 0.7070 -0.7072 -0.0000
vn 1.0000 -0.0001 -0.0001
vn 0.7072 -0.7070 -0.0000
vn 0.7072 0.7070 -0.0000
vn 0.0001 1.0000 0.0001
vn 0.7071 0.7072 -0.0000
vn 0.0001 1.0000 -0.0000
vn -0.7070 0.7072 -0.0000
vn -0.0001 1.0000 -0.0000
vn -1.0000 0.0001 -0.0001
vn -0.7072 0.7070 -0.0000
vn -0.7072 -0.7070 -0.0000
vn -0.0001 -1.0000 -0.0000
vn -0.7070 -0.7072 -0.0000
vn 0.7070 0.0002 -0.7072
vn 0.7070 -0.0000 -0.7072
vn 0.7072 0.0002 -0.7070
vn 0.7072 0.0001 0.7070
vn 1.0000 -0.0000 0.0001
vn 0.7072 -0.0000 0.7070
vn 0.0001 0.0001 1.0000
vn 0.7071 0.0001 0.7072
vn -0.7070 -0.0000 0.7072
vn -0.0001 0.0001 1.0000
vn -1.0000 0.0001 0.0001
vn -0.7072 -0.0000 0.7070
vn -0.7072 0.0001 -0.7070
vn -1.0000 -0.0000 -0.0001
vn -0.7072 -0.0000 -0.7070
vn -0.0001 0.0001 -1.0000
vn -0.7070 -0.0000 -0.7072
vn -0.2781 -0.6871 -0.6713
vn 0.2781 0.6870 0.6714
vn 0.3827 0.0001 0.9239
vn -0.0000 -1.0000 -0.0000
vn 0.2780 -0.6871 0.6713
vn -0.0000 1.0000 -0.0000
vn 0.2781 0.6871 0.6713
vn -0.2781 0.6871 -0.6712
vn -0.0001 1.0000 -0.0001
vn -0.2781 -0.6870 -0.6713
vn -0.3827 -0.0001 -0.9239
vn 0.3827 -0.0001 0.9239
vn 0.2781 -0.6870 0.6714
vn -0.3827 0.0001 -0.9239
vn -0.2781 0.6870 -0.6713
vn 0.2781 -0.6713 0.6870
vn -0.5054 -0.8629 -0.0000
vn -0.8552 -0.4942 -0.1563
vn -0.9605 -0.2781 -0.0111
vn 0.6045 -0.4950 0.6242
vn 0.7070 -0.0000 0.7072
vn 0.2892 -0.6713 0.6825
vn -0.0111 0.2781 -0.9605
vn 0.5001 0.7071 -0.5000
vn 0.6532 0.3827 -0.6534
vn -0.2891 0.6714 -0.6824
vn 0.5000 0.7071 -0.5001
vn -0.1563 0.4942 -0.8552
vn 0.7071 -0.0000 0.7071
vn 0.6824 0.6713 0.2893
vn 0.7071 0.0001 0.7071
vn -0.7071 -0.0000 -0.7071
vn -0.2892 0.6713 -0.6825
vn -0.1564 0.4942 -0.8552
vn -0.8552 -0.4942 -0.1564
vn -0.7072 -0.0001 -0.7070
vn -0.7071 -0.0001 -0.7071
vn 0.2891 -0.6714 0.6824
vn -0.5055 -0.8628 -0.0000
vn 0.6046 -0.4950 0.6241
vn 0.5000 0.7071 -0.5000
vn 0.6824 0.6714 0.2891
vn 0.8552 0.4942 0.1563
vn 0.9605 0.2781 0.0112
vn 0.7072 -0.0000 0.7071
vn 0.6045 -0.4951 0.6241
vn 0.9626 0.2630 0.0649
vn -0.9605 -0.2781 -0.0112
vn -0.7072 -0.0001 -0.7071
vn -0.1563 0.4941 -0.8552
vn -0.0112 0.2780 -0.9605
vn 0.6533 0.3827 -0.6532
vn 0.9605 0.2781 0.0111
vn 0.9626 0.2628 0.0650
vn -0.6824 -0.6714 -0.2891
vn -0.8629 0.3574 0.3574
vn -0.4942 0.7152 0.4942
vn -0.2781 0.6870 0.6713
vn -0.4950 -0.8688 0.0139
vn -0.6713 -0.6871 0.2781
vn 0.2781 0.6870 -0.6714
vn 0.7071 -0.0001 -0.7072
vn 0.3827 0.0001 -0.9239
vn 0.6714 0.6870 -0.2781
vn 0.7071 0.0001 -0.7072
vn 0.4942 0.7152 -0.4942
vn 0.6713 -0.6871 -0.2780
vn 0.6713 0.6871 -0.2781
vn 0.4942 0.7153 -0.4941
vn -0.4942 0.7153 0.4941
vn -0.0001 1.0000 0.0001
vn -0.6713 -0.6870 0.2781
vn -0.8628 0.3575 0.3575
vn -0.4950 -0.8688 0.0138
vn 0.7071 -0.0000 -0.7071
vn 0.6714 -0.6870 -0.2781
vn 0.4942 -0.7153 -0.4942
vn 0.2781 -0.6871 -0.6712
vn -0.0000 -1.0000 -0.0001
vn -0.8628 0.3574 0.3574
vn -0.4951 -0.8687 0.0139
vn 0.2630 -0.7266 -0.6348
vn -0.2781 0.6871 0.6713
vn 0.4941 0.7153 -0.4942
vn 0.2780 0.6871 -0.6713
vn 0.3827 -0.0001 -0.9239
vn 0.2781 -0.6870 -0.6714
vn 0.2628 -0.7267 -0.6347
vn -0.6713 0.6870 0.2781
vn 0.7072 -0.0000 -0.7070
vn -0.7071 -0.0000 0.7072
vn -0.7072 -0.0002 0.7070
vn -0.0648 -0.7061 -0.7051
vn -0.0915 -0.0001 -0.9958
vn -0.0648 -0.7060 -0.7052
vn -0.0649 -0.7060 -0.7052
vn -0.0648 0.7060 -0.7052
vn -0.0915 0.0001 -0.9958
vn -0.0648 0.7061 -0.7051
vn 0.0648 0.7061 0.7051
vn 0.0915 0.0001 0.9958
vn 0.0648 0.7060 0.7052
vn 0.0648 -0.7060 0.7052
vn 0.0915 -0.0001 0.9958
vn 0.0648 -0.7061 0.7051
vn 0.7072 -0.0001 -0.7070
vn -1.0000 0.0002 0.0001
vn -0.7072 -0.0001 0.7070
vn 0.0001 -1.0000 0.0001
vn 0.7070 0.7072 -0.0000
vn -0.7071 0.7072 -0.0000
vn -0.7072 0.7070 0.0001
vn 0.0001 1.0000 -0.0001
vn 0.7070 0.7072 -0.0001
vn -0.7072 0.7070 0.0002
vn -0.0002 0.7070 -0.7072
vn -0.0000 0.7072 -0.7071
vn -0.0000 0.7072 0.7071
vn 0.0002 0.7070 0.7072
vn -0.0000 -0.7072 0.7070
vn -0.9369 -0.3361 0.0961
vn -0.9238 -0.3315 -0.1913
vn -0.0000 -0.0000 1.0000
vn 0.6983 0.6914 -0.1853
vn 0.3827 0.8002 -0.4619
vn 0.7107 0.6093 -0.3518
vn 0.3827 0.8000 -0.4620
vn 0.7107 0.3518 -0.6093
vn 0.7107 0.6092 -0.3518
vn 0.9369 0.3360 0.0961
vn 0.7107 0.3517 -0.6093
vn 0.3715 0.2403 -0.8968
vn 0.6983 0.1852 -0.6914
vn -0.9808 -0.0000 0.1951
vn -0.9239 -0.0001 -0.3827
vn 1.0000 -0.0001 0.0001
vn 0.7107 -0.6092 0.3517
vn 0.6984 -0.6913 0.1852
vn -0.7107 0.6092 -0.3518
vn -0.7107 -0.6092 0.3517
vn -1.0000 -0.0001 0.0001
vn -0.6984 -0.6913 0.1852
vn 0.6983 -0.6914 0.1853
vn -0.0000 -0.8660 0.5000
vn 0.0001 -0.9659 0.2588
vn -0.6984 0.6913 -0.1852
vn -0.6983 -0.6914 0.1853
vn -0.7107 -0.6093 0.3518
vn -0.3715 0.8968 -0.2403
vn -0.6983 0.6914 -0.1853
vn -0.7107 0.6093 -0.3517
vn 0.9239 -0.3826 -0.0000
vn 0.9239 -0.3827 -0.0000
vn -0.0000 -0.5000 0.8660
vn 0.6983 -0.1853 0.6914
vn 0.0001 -0.2588 0.9659
vn -0.7107 -0.3517 0.6093
vn -0.7107 -0.6093 0.3517
vn 0.7107 -0.3517 0.6092
vn 0.7107 -0.6092 0.3518
vn -0.9653 0.2000 0.1681
vn 0.9239 -0.1912 -0.3315
vn -0.7107 0.6093 -0.3518
vn -0.7107 0.3518 -0.6092
vn -0.3827 0.4620 -0.8000
vn -0.7107 -0.3518 0.6092
vn 0.7107 -0.3517 0.6093
vn -0.7107 0.3517 -0.6092
vn -0.6984 0.1852 -0.6913
vn -0.6983 -0.1853 0.6914
vn -0.7107 -0.3518 0.6093
vn 0.6984 -0.1852 0.6913
vn 0.9653 -0.1999 0.1681
vn -0.3827 0.4618 -0.8002
vn -0.7107 0.3517 -0.6093
vn -0.6983 0.1852 -0.6914
vn 0.7107 0.6092 -0.3517
vn 0.7107 0.3517 -0.6092
vn 0.6984 0.1852 -0.6913
vn 0.6984 0.6913 -0.1852
vn 0.7200 -0.4158 -0.5556
vn -0.3314 0.1913 0.9239
vn 0.6914 -0.1853 0.6983
vn 0.8002 -0.4618 0.3827
vn 0.6093 -0.3517 0.7107
vn 0.8000 -0.4620 0.3827
vn 0.3518 -0.6093 0.7107
vn 0.6092 -0.3518 0.7107
vn 0.2403 -0.8968 0.3715
vn 0.1852 -0.6914 0.6983
vn -0.0000 -0.8315 -0.5556
vn -0.0000 -0.3827 0.9239
vn -0.6913 0.1852 0.6984
vn -0.6092 0.3517 0.7107
vn 0.6092 -0.3518 -0.7107
vn -0.6913 0.1852 -0.6984
vn -0.6914 0.1853 0.6983
vn -0.8660 0.5000 -0.0000
vn -0.9659 0.2588 0.0001
vn 0.6913 -0.1852 -0.6984
vn -0.6914 0.1853 -0.6983
vn -0.6093 0.3518 -0.7107
vn 0.8968 -0.2403 -0.3715
vn 0.6914 -0.1852 -0.6983
vn 0.6093 -0.3517 -0.7107
vn 0.3827 -0.0000 -0.9239
vn 0.8315 -0.0000 0.5556
vn -0.5000 0.8660 -0.0000
vn -0.1853 0.6914 0.6983
vn -0.2588 0.9659 0.0001
vn -0.3517 0.6093 -0.7107
vn -0.6092 0.3518 0.7107
vn -0.3517 0.6092 0.7107
vn 0.4157 -0.7201 0.5556
vn 0.1913 -0.3314 -0.9239
vn 0.6093 -0.3518 -0.7107
vn 0.3518 -0.6092 -0.7107
vn 0.4620 -0.8001 -0.3827
vn -0.6092 0.3517 -0.7107
vn -0.3517 0.6093 0.7107
vn 0.3517 -0.6092 -0.7107
vn 0.1852 -0.6913 -0.6984
vn -0.1853 0.6914 -0.6983
vn -0.3518 0.6093 -0.7107
vn -0.1852 0.6913 0.6984
vn 0.4619 -0.8002 -0.3827
vn 0.3517 -0.6093 -0.7107
vn 0.1852 -0.6914 -0.6983
vn -0.3518 0.6092 -0.7107
vn 0.6092 -0.3517 0.7107
vn 0.3517 -0.6092 0.7107
vn 0.1852 -0.6913 0.6984
vn 0.6913 -0.1852 0.6984
vn -0.6983 0.6914 -0.1852
vn -0.7200 0.4158 -0.5556
vn 0.3314 -0.1913 0.9239
vn -0.8002 0.4618 0.3827
vn -0.6093 0.3517 0.7107
vn -0.8000 0.4620 0.3827
vn -0.3518 0.6093 0.7107
vn -0.2403 0.8968 0.3715
vn -0.1852 0.6914 0.6983
vn -0.0000 0.8315 -0.5556
vn -0.0000 0.3827 0.9239
vn -0.6092 0.3518 -0.7107
vn 0.6092 -0.3517 -0.7107
vn 0.0001 -0.0001 -1.0000
vn 0.8660 -0.5000 -0.0000
vn 0.9659 -0.2588 0.0001
vn 0.6914 -0.1853 -0.6983
vn -0.8968 0.2403 -0.3715
vn -0.6914 0.1852 -0.6983
vn -0.6093 0.3517 -0.7107
vn -0.3827 -0.0000 -0.9239
vn -0.8315 -0.0000 0.5556
vn 0.5000 -0.8660 -0.0000
vn 0.1853 -0.6914 0.6983
vn 0.2588 -0.9659 0.0001
vn -0.4157 0.7201 0.5556
vn -0.1913 0.3314 -0.9239
vn -0.4620 0.8000 -0.3827
vn 0.3517 -0.6093 0.7107
vn -0.3517 0.6092 -0.7107
vn -0.1852 0.6913 -0.6984
vn 0.1853 -0.6914 -0.6983
vn 0.3518 -0.6093 -0.7107
vn -0.4618 0.8002 -0.3827
vn -0.1852 0.6914 -0.6983
vn -0.7201 -0.4157 0.5556
vn -0.3314 -0.1913 -0.9239
vn -0.6914 -0.1853 -0.6983
vn -0.8002 -0.4618 -0.3827
vn -0.6093 -0.3517 -0.7107
vn -0.8000 -0.4620 -0.3827
vn -0.3518 -0.6093 -0.7107
vn -0.6092 -0.3518 -0.7107
vn -0.2403 -0.8968 -0.3715
vn -0.1852 -0.6914 -0.6983
vn -0.0000 -0.8315 0.5556
vn -0.0000 -0.3827 -0.9239
vn 0.0001 0.0001 -1.0000
vn 0.6092 0.3517 -0.7107
vn 0.6913 0.1852 -0.6984
vn -0.6092 -0.3518 0.7107
vn 0.6092 0.3517 0.7107
vn 0.6913 0.1852 0.6984
vn 0.6914 0.1853 -0.6983
vn 0.8660 0.5000 -0.0000
vn 0.9659 0.2588 -0.0001
vn -0.6913 -0.1852 0.6984
vn 0.6914 0.1853 0.6983
vn 0.6093 0.3518 0.7107
vn -0.8968 -0.2403 0.3715
vn -0.6914 -0.1852 0.6983
vn -0.6093 -0.3517 0.7107
vn -0.3827 -0.0000 0.9239
vn -0.8315 -0.0000 -0.5556
vn 0.5000 0.8660 -0.0000
vn 0.1853 0.6914 -0.6983
vn 0.2588 0.9659 -0.0001
vn 0.3517 0.6093 0.7107
vn 0.6093 0.3517 0.7107
vn 0.6092 0.3518 -0.7107
vn 0.3517 0.6092 -0.7107
vn -0.4158 -0.7201 -0.5556
vn 0.1913 0.3314 0.9239
vn -0.6093 -0.3518 0.7107
vn -0.3518 -0.6092 0.7107
vn -0.4620 -0.8000 0.3827
vn 0.3517 0.6093 -0.7107
vn -0.3517 -0.6092 0.7107
vn -0.1852 -0.6913 0.6984
vn 0.1853 0.6914 0.6983
vn 0.3518 0.6092 0.7107
vn 0.1852 0.6913 -0.6984
vn -0.4619 -0.8001 0.3827
vn -0.3517 -0.6093 0.7107
vn -0.1852 -0.6914 0.6983
vn -0.0001 -0.0001 -1.0000
vn -0.6092 -0.3517 -0.7107
vn -0.3517 -0.6092 -0.7107
vn -0.1852 -0.6913 -0.6984
vn -0.6913 -0.1852 -0.6984
vn 0.7070 0.0001 -0.7072
vn 0.7071 -0.0001 0.7072
vn 0.7071 -0.0000 0.7072
vn -0.7070 -0.7072 0.0001
vn -0.7070 -0.7072 -0.0002
vn 0.0001 0.7072 -0.7071
vn -0.7070 -0.0002 -0.7072
vn 0.6219 -0.6218 -0.4760
vn -0.0001 -0.8794 0.4760
vn -0.0000 -0.5245 -0.8514
vn 0.5244 -0.0001 -0.8514
vn 0.3709 -0.3708 0.8514
vn 0.6218 -0.6219 -0.4760
vn 0.6218 0.6219 -0.4760
vn 0.8794 -0.0000 0.4760
vn 0.5245 -0.0000 -0.8514
vn 0.0001 0.5244 -0.8514
vn 0.3708 0.3709 0.8514
vn 0.6219 0.6218 -0.4760
vn -0.6219 0.6218 -0.4760
vn 0.0001 0.8794 0.4760
vn -0.0000 0.5245 -0.8514
vn -0.5244 0.0001 -0.8514
vn -0.3709 0.3708 0.8514
vn -0.6218 0.6219 -0.4760
vn 0.5244 0.0001 -0.8514
vn -0.0000 -0.5244 -0.8514
vn 0.0001 -0.5244 -0.8514
vn -0.6218 -0.6219 -0.4760
vn -0.5244 -0.0000 -0.8514
vn -0.5244 -0.0001 -0.8514
vn -0.0000 0.5244 -0.8514
vn -0.0001 0.5244 -0.8514
vn 0.5244 -0.0000 -0.8514
vn -0.8794 0.0001 0.4760
vn -0.5245 -0.0000 -0.8514
vn -0.0001 -0.5244 -0.8514
vn -0.3708 -0.3709 0.8514
vn -0.6219 -0.6218 -0.4760
vn -0.3709 -0.3708 0.8514
vn 0.3708 -0.3709 0.8514
vn 0.8794 -0.0001 0.4760
vn 0.3709 0.3708 0.8514
vn -0.3708 0.3709 0.8514
vn 0.3708 -0.3708 0.8514
vn -0.4760 -0.6218 -0.6219
vn 0.4760 -0.8794 0.0001
vn -0.8514 -0.5245 -0.0000
vn -0.8514 -0.0001 -0.5244
vn 0.8514 -0.3708 -0.3709
vn -0.4760 -0.6219 -0.6218
vn -0.4760 0.6219 -0.6218
vn 0.4760 -0.0000 -0.8794
vn -0.8514 -0.0000 -0.5245
vn -0.8514 0.5244 -0.0001
vn 0.8514 0.3709 -0.3708
vn -0.4760 0.6218 -0.6219
vn -0.4760 0.6218 0.6219
vn 0.4760 0.8794 -0.0001
vn -0.8514 0.5245 -0.0000
vn -0.8514 0.0001 0.5244
vn 0.8514 0.3708 0.3709
vn -0.4760 0.6219 0.6218
vn -0.8514 0.0001 -0.5244
vn -0.8514 -0.5244 -0.0000
vn -0.8514 -0.5244 -0.0001
vn -0.4760 -0.6219 0.6218
vn -0.8514 -0.0000 0.5244
vn -0.8514 -0.0001 0.5244
vn -0.8514 0.5244 -0.0000
vn -0.8514 0.5244 0.0001
vn -0.8514 -0.0000 -0.5244
vn 0.4760 0.0001 0.8794
vn -0.8514 -0.0000 0.5245
vn -0.8514 -0.5244 0.0001
vn 0.8514 -0.3709 0.3708
vn -0.4760 -0.6218 0.6219
vn 0.8514 -0.3708 0.3709
vn 0.8514 -0.3709 -0.3708
vn 0.4760 -0.0001 -0.8794
vn 0.8514 0.3708 -0.3709
vn 0.8514 0.3709 0.3708
vn 0.8514 -0.3708 -0.3708
vn -0.4135 0.4171 -0.8093
vn -0.2989 0.0320 -0.9537
vn 0.1146 -0.0676 -0.9911
vn 0.4135 0.2179 -0.8840
vn 0.2989 0.6030 -0.7396
vn -0.1146 0.7026 -0.7023
vn -0.5774 -0.5774 -0.5773
vn 0.5774 -0.5773 0.5774
vn -0.5775 0.5772 0.5774
vn -0.7072 -0.0000 0.7071
vn 0.8164 -0.4083 -0.4083
vn 0.5774 -0.5775 0.5772
vn 0.5774 -0.5773 -0.5774
vn 0.5774 0.5774 -0.5773
vn 0.5773 -0.5774 0.5774
vn 0.4083 -0.8164 -0.4083
vn 0.5774 -0.5774 -0.5773
vn -0.5772 -0.5774 -0.5775
vn -0.5774 -0.5773 -0.5774
vn 0.4083 -0.4083 -0.8164
vn 0.5773 -0.5774 -0.5774
vn 0.5775 0.5772 -0.5774
vn -0.0001 0.7071 0.7072
vn -0.7072 0.7071 -0.0000
vn -0.5773 0.5774 0.5774
vn 0.5774 -0.5774 0.5773
vn 0.7072 0.0001 0.7071
vn -0.7072 -0.0001 0.7071
vn -0.7071 0.0001 0.7072
vn -0.7071 -0.0000 -0.7072
vn -0.7072 0.0001 -0.7071
vn 0.7072 -0.0000 -0.7071
vn 0.5774 0.5774 0.5773
vn 0.4083 -0.4082 -0.8165
vn 0.4083 -0.4082 0.8165
vn 0.4082 -0.4083 0.8165
vn -0.5773 -0.5774 0.5774
vn -0.5774 -0.5774 0.5773
vn -0.7071 0.7072 -0.0001
vn 0.5773 0.5774 0.5774
vn 0.7071 -0.0000 -0.7072
vn 0.0001 0.7071 -0.7072
vn 0.7072 0.7071 -0.0000
vn 0.5773 0.5774 -0.5774
vn -0.8164 -0.4083 0.4083
vn -0.5774 -0.5775 -0.5772
vn -0.5774 -0.5773 0.5774
vn -0.5774 0.5774 0.5773
vn -0.5773 -0.5774 -0.5774
vn 0.5772 -0.5774 0.5775
vn -0.4083 -0.4083 0.8164
vn -0.8165 -0.4083 0.4082
vn 0.8165 -0.4083 0.4082
vn 0.8165 -0.4083 0.4083
vn 0.5774 0.5773 0.5774
vn -0.0001 0.7071 -0.7072
vn -0.0000 0.7071 -0.7072
vn 0.7072 0.7071 0.0001
vn -0.0000 0.7071 0.7072
vn 0.5774 0.5772 0.5775
vn -0.4083 -0.4083 -0.8164
vn 0.5772 -0.5775 -0.5774
vn -0.5773 0.5774 -0.5774
vn -0.4083 -0.8164 -0.4083
vn -0.5775 -0.5774 0.5772
vn -0.8164 -0.4083 -0.4083
vn -0.5774 0.5772 -0.5775
vn -0.8165 -0.4082 -0.4083
vn 0.8165 -0.4082 -0.4083
vn 0.8165 -0.4083 -0.4083
vn -0.0001 0.7072 0.7071
vn 0.0001 0.7071 0.7072
vn -0.4082 -0.4083 -0.8165
vn -0.4082 -0.4083 0.8165
vn -0.4083 -0.4082 0.8165
vn -0.5774 0.5774 -0.5773
vn -0.5774 0.5773 0.5774
vn 0.7072 0.7071 -0.0001
vn -0.7072 -0.0000 -0.7071
vn 0.4083 -0.4083 0.8164
vn -0.5772 -0.5775 0.5774
vn 0.5775 -0.5774 -0.5772
vn 0.8164 -0.4083 0.4083
vn 0.7072 -0.0001 0.7071
vn 1.0000 -0.0000 -0.0000
vn 0.5772 0.5774 -0.5775
vn -0.5772 0.5774 0.5775
vn -0.5774 0.5775 0.5772
vn -0.5774 0.5773 -0.5774
vn -0.4083 0.8164 0.4083
vn -0.5775 0.5774 -0.5772
vn 0.5775 0.5774 0.5772
vn -0.4083 0.4083 0.8164
vn 0.5772 0.5775 0.5774
vn 0.7072 -0.0001 -0.7071
vn -0.7071 -0.0001 -0.7072
vn -0.4082 0.4083 0.8165
vn -0.7071 -0.0001 0.7072
vn 0.8164 0.4083 -0.4083
vn -0.5772 0.5775 -0.5774
vn 0.5774 0.5773 -0.5774
vn 0.8165 0.4082 -0.4083
vn 0.4083 0.4083 0.8164
vn 0.4083 0.8164 0.4083
vn 0.8164 0.4083 0.4083
vn 0.5774 0.5775 -0.5772
vn 0.8165 0.4083 0.4082
vn 0.4083 0.4082 0.8165
vn 0.4081 0.8165 -0.4083
vn -0.4082 0.8165 -0.4083
vn 0.4083 0.8164 -0.4083
vn -0.4083 0.8164 -0.4083
vn 0.4083 0.8165 -0.4082
vn -0.0000 0.3826 -0.9239
vn -0.0000 0.9238 -0.3828
vn 0.7346 0.2597 -0.6268
vn -0.0000 0.3828 -0.9238
vn -0.0000 0.9239 0.3826
vn 0.4760 0.8125 -0.3366
vn -0.0000 0.9239 -0.3826
vn -0.0000 0.3828 0.9238
vn 0.4760 0.8125 0.3365
vn -0.0000 0.9238 0.3828
vn 0.7346 0.2596 0.6269
vn -0.0000 0.3826 0.9239
vn 0.7344 0.2597 0.6270
vn 0.7344 0.2597 -0.6270
vn 0.4760 0.8124 -0.3367
vn -0.4083 0.8165 0.4082
vn -0.3675 0.8640 0.3441
vn 0.5197 0.7021 0.4867
vn -0.5198 0.7022 0.4866
vn 0.5198 0.7022 0.4865
vn -0.5198 0.7021 -0.4866
vn 0.5198 0.7021 0.4867
vn 0.5198 0.7021 -0.4867
vn 0.5197 0.7023 -0.4865
vn -0.5198 0.7022 -0.4865
vn 0.5198 0.7022 -0.4865
vn 0.5197 0.7022 0.4866
vn 0.5197 0.7022 -0.4867
vn -0.5197 0.7022 -0.4866
vn -0.5197 0.7022 0.4867
vn -0.5197 0.7021 -0.4867
vn -0.7729 -0.5208 0.3624
vn 0.7072 -0.2457 0.6630
vn -0.7072 -0.2457 0.6630
vn -0.7729 -0.5208 -0.3624
vn 0.7730 -0.5208 0.3624
vn 0.7729 -0.5208 -0.3624
vn -0.7072 -0.2457 -0.6630
vn 0.7072 -0.2457 -0.6630
vn -0.7729 -0.5209 -0.3624
vn -0.7729 -0.5198 0.3639
vn -0.7071 -0.2458 0.6631
vn -0.7071 -0.2458 -0.6631
vn -0.7729 -0.5198 -0.3639
vn 0.7071 -0.2458 0.6631
vn 0.7729 -0.5198 0.3639
vn 0.7729 -0.5208 0.3624
vn 0.7729 -0.5198 -0.3639
vn 0.7071 -0.2458 -0.6631
vn -0.4082 0.6690 -0.6211
vn 0.7072 0.6620 0.2482
vn 0.4082 0.6690 -0.6211
vn 0.4083 -0.0956 -0.9078
vn 0.7071 0.6621 0.2483
vn 0.7071 -0.6621 -0.2483
vn 0.4082 -0.0956 -0.9079
vn -0.7072 -0.6620 -0.2483
vn -0.4082 -0.0956 -0.9079
vn -0.4083 -0.0955 -0.9078
vn -0.7071 0.6621 0.2483
vn -0.4083 0.6689 -0.6212
vn 0.3015 0.0353 -0.9528
vn 0.4083 0.6690 -0.6211
vn -0.3015 0.0353 -0.9528
vn 0.4085 -0.0954 -0.9077
vn -0.3015 0.5999 -0.7411
vn -0.4083 -0.0957 -0.9078
vn 0.3015 0.5999 -0.7411
vn -0.4084 -0.0956 -0.9078
vn -0.4083 0.6690 -0.6211
vn 0.7072 -0.6620 -0.2483
vn -0.3014 0.0352 -0.9528
vn -0.3016 0.0352 -0.9528
vn -0.3016 0.5999 -0.7410
vn -0.7072 0.6620 0.2482
vn 0.3014 0.6000 -0.7410
vn 0.7072 0.6620 0.2483
vn 0.3016 0.0354 -0.9528
vn 0.2596 0.6269 -0.7345
vn 0.6268 0.2597 0.7346
vn 0.4845 0.2007 -0.8514
vn -0.2597 0.6269 -0.7345
vn 0.3366 0.8125 0.4760
vn 0.2598 0.6269 -0.7345
vn -0.4845 0.2008 -0.8515
vn -0.3365 0.8125 0.4760
vn -0.2596 0.6270 -0.7345
vn -0.4845 0.2007 -0.8514
vn -0.6271 0.2596 0.7344
vn 0.3367 0.8124 0.4760
vn 0.6269 0.2598 0.7345
vn -0.6269 0.2597 0.7346
vn 0.6270 0.2598 0.7344
vn -0.6270 0.2597 0.7344
vn -0.2597 0.6270 -0.7344
vn -0.2598 0.6270 -0.7344
vn 0.2597 0.6270 -0.7344
vn -0.6016 0.7193 -0.3473
vn -0.6946 -0.7194 -0.0001
vn -0.6947 0.7193 0.0001
vn -0.3474 0.7193 -0.6016
vn -0.6015 -0.7194 -0.3474
vn -0.0001 0.7193 -0.6947
vn -0.3472 -0.7194 -0.6016
vn 0.3473 0.7193 -0.6016
vn 0.0001 -0.7194 -0.6946
vn 0.6016 0.7193 -0.3474
vn 0.3474 -0.7194 -0.6015
vn 0.6947 0.7193 -0.0001
vn 0.6016 -0.7194 -0.3472
vn 0.6016 0.7193 0.3473
vn 0.6946 -0.7194 0.0001
vn 0.3474 0.7193 0.6016
vn 0.6015 -0.7194 0.3474
vn 0.0001 0.7193 0.6947
vn 0.3472 -0.7194 0.6016
vn -0.3473 0.7193 0.6016
vn -0.0001 -0.7194 0.6946
vn -0.6016 0.7193 0.3474
vn -0.3474 -0.7194 0.6015
vn -0.6016 -0.7194 0.3472
vn 0.3474 0.7192 -0.6017
vn 0.6017 0.7192 -0.3474
vn -0.0000 0.7192 -0.6948
vn -0.3474 0.7192 -0.6017
vn -0.6017 0.7192 -0.3474
vn -0.6948 0.7192 -0.0000
vn -0.6017 0.7192 0.3474
vn -0.3474 0.7192 0.6017
vn -0.0000 0.7192 0.6948
vn 0.3474 0.7192 0.6017
vn 0.6017 0.7192 0.3474
vn 0.6948 0.7192 -0.0000
vn -0.6948 -0.7192 -0.0000
vn -0.6017 -0.7192 -0.3474
vn -0.6017 -0.7192 0.3474
vn -0.3474 -0.7192 0.6017
vn -0.0000 -0.7192 0.6948
vn 0.3474 -0.7192 0.6017
vn 0.6017 -0.7192 0.3474
vn 0.6948 -0.7192 -0.0000
vn 0.6017 -0.7192 -0.3474
vn 0.3474 -0.7192 -0.6017
vn -0.0000 -0.7192 -0.6948
vn -0.3474 -0.7192 -0.6017
vn -0.0000 -0.5774 0.8165
vn -0.0000 -0.5773 0.8165
vn 0.8165 -0.5774 -0.0000
vn 0.8165 -0.5773 -0.0000
vn 1.0000 0.0001 0.0001
vn -0.8165 -0.5774 -0.0000
vn -0.8165 -0.5773 -0.0000
vn 0.0001 -0.5774 0.8165
vn -0.0001 -0.5774 0.8165
vn -0.8165 -0.5774 0.0001
vn -0.8165 -0.5774 -0.0001
vn 0.8165 -0.5774 0.0001
vn 0.8165 -0.5774 -0.0001
vn -0.6947 -0.7193 -0.0001
vn -0.6015 -0.7193 -0.3474
vn -0.0000 0.7193 -0.6947
vn -0.3473 -0.7193 -0.6016
vn 0.0001 -0.7193 -0.6947
vn 0.3474 -0.7193 -0.6015
vn 0.6947 0.7193 -0.0000
vn 0.6016 -0.7193 -0.3473
vn 0.6947 -0.7193 0.0001
vn 0.6015 -0.7193 0.3474
vn -0.0000 0.7193 0.6947
vn 0.3473 -0.7193 0.6016
vn -0.0001 -0.7193 0.6947
vn -0.3474 -0.7193 0.6015
vn -0.6947 0.7193 -0.0000
vn -0.6016 -0.7193 0.3473
vn 0.3475 0.7192 0.6017
vn 0.6948 0.7192 -0.0001
vn 0.3473 0.7192 -0.6018
vn -0.3475 0.7192 -0.6017
vn -0.6948 0.7192 0.0001
vn -0.3475 0.7192 0.6017
vn 0.6948 -0.7192 0.0001
vn 0.3473 -0.7192 0.6018
vn -0.3475 -0.7192 0.6017
vn -0.6948 -0.7192 -0.0001
vn -0.3475 -0.7192 -0.6017
vn 0.3475 -0.7192 -0.6017
vn 0.6017 0.7193 0.3473
vn 0.6017 0.7192 -0.3475
vn -0.0001 0.7192 -0.6948
vn -0.6018 0.7192 -0.3473
vn -0.6017 0.7192 0.3475
vn 0.0001 0.7192 0.6948
vn 0.6018 0.7192 0.3473
vn 0.0001 -0.7192 -0.6948
vn -0.0001 -0.7192 0.6948
vn -0.0000 -0.5774 -0.8165
vn -0.6018 -0.7192 -0.3472
vn -0.8166 -0.5773 0.0001
vn 0.0001 -0.5773 0.8166
vn -0.0001 -0.5773 -0.8166
vn 0.0001 -0.5774 -0.8165
vn 0.3473 0.7193 -0.6017
vn -0.3473 0.7192 0.6018
vn -0.3473 -0.7192 -0.6018
vn -0.8661 0.4999 -0.0000
vn -0.6980 0.0919 -0.7102
vn -0.9914 0.1306 -0.0000
vn -0.5001 0.8660 -0.0000
vn -0.6015 0.3474 -0.7193
vn -0.8660 0.5001 -0.0000
vn -0.3473 0.6016 -0.7193
vn -0.4999 0.8661 -0.0001
vn 0.4999 0.8661 -0.0000
vn -0.0000 0.8881 -0.4597
vn 0.8660 0.5001 -0.0000
vn 0.3474 0.6016 -0.7193
vn 0.5001 0.8660 -0.0000
vn 0.9914 0.1306 -0.0000
vn 0.6016 0.3473 -0.7193
vn 0.8661 0.4999 -0.0000
vn 0.6017 0.3475 -0.7192
vn -0.6981 0.0920 -0.7101
vn -0.6017 0.3474 -0.7192
vn 0.3474 0.6018 -0.7192
vn -0.6018 0.3473 -0.7192
vn -0.3474 0.6017 -0.7192
vn -0.0001 0.8880 -0.4598
vn 0.3474 0.6017 -0.7192
vn -0.3475 0.6017 -0.7192
vn 0.9915 0.1305 -0.0000
vn -0.6981 0.0919 -0.7101
vn -0.9915 0.1305 -0.0000
vn -0.3740 0.9274 -0.0000
vn -0.3239 0.9274 -0.1870
vn -0.1870 0.9274 -0.3239
vn -0.0000 0.9274 -0.3740
vn 0.1870 0.9274 -0.3239
vn 0.3239 0.9274 -0.1870
vn 0.3740 0.9274 -0.0000
vn 0.3239 0.9274 0.1870
vn 0.1870 0.9274 0.3239
vn -0.0000 0.9274 0.3740
vn -0.1870 0.9274 0.3239
vn -0.3239 0.9274 0.1870
vn -0.8497 0.1935 -0.4905
vn -0.9811 0.1936 -0.0001
vn -0.4906 0.1935 -0.8496
vn -0.8496 0.1936 -0.4906
vn -0.0001 0.1935 -0.9811
vn -0.4905 0.1936 -0.8497
vn 0.4905 0.1935 -0.8497
vn 0.0001 0.1936 -0.9811
vn 0.8496 0.1935 -0.4906
vn 0.4906 0.1936 -0.8496
vn 0.9811 0.1935 -0.0000
vn 0.8497 0.1936 -0.4905
vn 0.8497 0.1935 0.4905
vn 0.9811 0.1936 0.0001
vn 0.4906 0.1935 0.8496
vn 0.8496 0.1936 0.4906
vn 0.0001 0.1935 0.9811
vn 0.4905 0.1936 0.8497
vn -0.4905 0.1935 0.8497
vn -0.0001 0.1936 0.9811
vn -0.8496 0.1935 0.4906
vn -0.4906 0.1936 0.8496
vn -0.9811 0.1935 -0.0000
vn -0.8497 0.1936 0.4905
vn 0.2915 -0.9416 -0.1683
vn 0.1684 -0.9417 -0.2914
vn 0.1683 -0.9416 -0.2915
vn -0.7731 0.6343 -0.0001
vn -0.8497 0.1937 -0.4905
vn -0.9811 0.1937 -0.0001
vn -0.3240 0.9274 -0.1870
vn -0.7730 0.6344 -0.0001
vn -0.3741 0.9274 -0.0000
vn -0.6695 0.6343 -0.3866
vn -0.4906 0.1937 -0.8496
vn -0.8496 0.1937 -0.4906
vn -0.3240 0.9274 -0.1871
vn -0.3866 0.6344 -0.6694
vn -0.6694 0.6344 -0.3865
vn -0.0000 0.6343 -0.7731
vn -0.4905 0.1937 -0.8496
vn -0.3865 0.6343 -0.6695
vn -0.1870 0.9274 -0.3240
vn -0.0001 0.6344 -0.7730
vn -0.3864 0.6344 -0.6694
vn 0.0001 0.6344 -0.7730
vn 0.1870 0.9274 -0.3240
vn 0.3864 0.6344 -0.6694
vn 0.4905 0.1937 -0.8497
vn 0.0001 0.1937 -0.9811
vn 0.3240 0.9274 -0.1871
vn 0.3865 0.6344 -0.6694
vn 0.1871 0.9274 -0.3240
vn 0.4906 0.1937 -0.8496
vn 0.6695 0.6343 -0.3866
vn 0.8496 0.1937 -0.4906
vn 0.3240 0.9274 -0.1870
vn 0.7730 0.6344 -0.0001
vn 0.6694 0.6344 -0.3864
vn 0.7731 0.6343 -0.0001
vn 0.8496 0.1937 -0.4905
vn 0.6695 0.6343 -0.3865
vn 0.3240 0.9274 0.1870
vn 0.7730 0.6344 0.0001
vn 0.3741 0.9274 -0.0000
vn 0.7731 0.6343 0.0001
vn 0.8497 0.1937 0.4905
vn 0.9811 0.1937 0.0001
vn 0.3240 0.9274 0.1871
vn 0.3866 0.6344 0.6694
vn 0.6694 0.6344 0.3865
vn 0.6695 0.6343 0.3866
vn 0.4906 0.1937 0.8496
vn 0.8496 0.1937 0.4906
vn 0.1870 0.9274 0.3240
vn 0.0001 0.6344 0.7730
vn 0.3864 0.6344 0.6694
vn -0.0000 0.6343 0.7731
vn 0.4905 0.1937 0.8496
vn 0.3865 0.6343 0.6695
vn -0.4905 0.1937 0.8497
vn -0.0001 0.1937 0.9811
vn -0.1870 0.9274 0.3240
vn -0.0001 0.6344 0.7730
vn -0.0000 0.9274 0.3741
vn -0.6695 0.6343 0.3866
vn -0.4906 0.1937 0.8496
vn -0.3866 0.6343 0.6695
vn -0.1871 0.9274 0.3240
vn -0.6694 0.6344 0.3866
vn -0.3865 0.6344 0.6694
vn -0.7731 0.6343 0.0001
vn -0.8496 0.1937 0.4905
vn -0.6695 0.6343 0.3865
vn -0.3240 0.9274 0.1870
vn -0.7730 0.6344 0.0001
vn -0.6694 0.6344 0.3864
vn -0.2914 -0.9417 -0.1682
vn -0.3364 -0.9417 -0.0000
vn -0.1682 -0.9417 -0.2914
vn -0.0000 -0.9417 -0.3364
vn 0.3472 -0.7192 -0.6018
vn 0.1682 -0.9417 -0.2914
vn 0.2914 -0.9417 -0.1682
vn 0.3364 -0.9417 -0.0000
vn 0.2914 -0.9417 0.1682
vn 0.1682 -0.9417 0.2914
vn -0.0000 -0.9417 0.3364
vn -0.1682 -0.9417 0.2914
vn -0.3472 -0.7192 0.6018
vn -0.2914 -0.9417 0.1682
vn -0.6016 -0.7192 0.3477
vn -0.3366 -0.9416 -0.0000
vn -0.2915 -0.9417 0.1682
vn -0.2915 -0.9416 0.1683
vn -0.1683 -0.9416 -0.2915
vn -0.2914 -0.9417 -0.1684
vn -0.2915 -0.9416 -0.1683
vn 0.0001 -0.9417 0.3366
vn 0.1683 -0.9416 0.2915
vn -0.0000 -0.9416 0.3366
vn 0.3366 -0.9416 -0.0000
vn -0.0000 -0.9416 -0.3366
vn -0.1682 -0.9416 -0.2915
vn -0.1683 -0.9416 0.2915
vn -0.0001 -0.9417 0.3366
vn 0.2915 -0.9416 0.1683
vn 0.3366 -0.9417 0.0001
vn 0.0001 -0.9417 -0.3366
vn -0.1684 -0.9417 0.2914
vn -0.3366 -0.9416 -0.0001
vn 0.2915 -0.9416 0.1684
vn -0.1681 -0.9417 0.2914
vn 0.2914 -0.9417 0.1681
vn 0.1681 -0.9417 -0.2914
vn -0.4462 0.8949 -0.0000
vn -0.3864 0.8949 -0.2231
vn -0.2231 0.8949 -0.3864
vn -0.0000 0.8949 -0.4462
vn 0.2231 0.8949 -0.3864
vn 0.3864 0.8949 -0.2231
vn 0.4462 0.8949 -0.0000
vn 0.3864 0.8949 0.2231
vn 0.2231 0.8949 0.3864
vn -0.0000 0.8949 0.4462
vn -0.2231 0.8949 0.3864
vn -0.3864 0.8949 0.2231
vn -0.8555 0.1559 -0.4938
vn -0.9878 0.1560 -0.0001
vn -0.4939 0.1559 -0.8554
vn -0.8554 0.1560 -0.4939
vn -0.0001 0.1559 -0.9878
vn -0.4938 0.1560 -0.8555
vn 0.4938 0.1559 -0.8555
vn 0.0001 0.1560 -0.9878
vn 0.8554 0.1559 -0.4939
vn 0.3474 -0.7193 -0.6016
vn 0.4939 0.1560 -0.8554
vn 0.9878 0.1559 -0.0001
vn 0.8555 0.1560 -0.4938
vn 0.8555 0.1559 0.4938
vn 0.9878 0.1560 0.0001
vn 0.4939 0.1559 0.8554
vn 0.8554 0.1560 0.4939
vn 0.0001 0.1559 0.9878
vn 0.4938 0.1560 0.8555
vn -0.4938 0.1559 0.8555
vn -0.0001 0.1560 0.9878
vn -0.8554 0.1559 0.4939
vn -0.3474 -0.7193 0.6016
vn -0.4939 0.1560 0.8554
vn -0.9878 0.1559 0.0001
vn -0.8555 0.1560 0.4938
vn 0.3378 -0.9208 -0.1951
vn 0.1951 -0.9208 -0.3378
vn -0.8299 0.5579 -0.0001
vn -0.8554 0.1560 -0.4938
vn -0.4464 0.8949 -0.0001
vn -0.7187 0.5580 -0.4148
vn -0.8298 0.5580 -0.0000
vn -0.7187 0.5579 -0.4150
vn -0.4939 0.1560 -0.8554
vn -0.8554 0.1560 -0.4940
vn -0.3865 0.8949 -0.2232
vn -0.4150 0.5580 -0.7186
vn -0.7186 0.5580 -0.4150
vn -0.0000 0.5579 -0.8299
vn -0.4149 0.5579 -0.7188
vn -0.2231 0.8949 -0.3865
vn -0.0001 0.5580 -0.8298
vn -0.4149 0.5580 -0.7187
vn 0.0001 0.5580 -0.8298
vn 0.2231 0.8949 -0.3865
vn 0.4148 0.5580 -0.7187
vn 0.0001 0.5579 -0.8299
vn 0.4938 0.1560 -0.8554
vn 0.3865 0.8949 -0.2232
vn 0.4149 0.5580 -0.7186
vn 0.2232 0.8949 -0.3865
vn 0.7187 0.5579 -0.4150
vn 0.8554 0.1560 -0.4939
vn 0.3865 0.8949 -0.2231
vn 0.8298 0.5580 -0.0001
vn 0.7187 0.5580 -0.4149
vn 0.8299 0.5579 -0.0000
vn 0.7187 0.5579 -0.4149
vn 0.3865 0.8949 0.2231
vn 0.8298 0.5580 -0.0000
vn 0.4463 0.8949 -0.0000
vn 0.8299 0.5579 0.0001
vn 0.8554 0.1560 0.4938
vn 0.3865 0.8949 0.2232
vn 0.4150 0.5580 0.7186
vn 0.7186 0.5580 0.4149
vn 0.7187 0.5579 0.4150
vn 0.4939 0.1560 0.8554
vn 0.8554 0.1560 0.4940
vn 0.2231 0.8949 0.3865
vn 0.0001 0.5580 0.8298
vn 0.4149 0.5580 0.7187
vn -0.0000 0.5579 0.8299
vn 0.4149 0.5579 0.7187
vn -0.0001 0.5579 0.8299
vn -0.4938 0.1560 0.8554
vn -0.2231 0.8949 0.3865
vn -0.0000 0.5580 0.8298
vn -0.0001 0.8949 0.4463
vn -0.7187 0.5579 0.4150
vn -0.4150 0.5579 0.7187
vn -0.2232 0.8949 0.3865
vn -0.7186 0.5580 0.4150
vn -0.4149 0.5580 0.7186
vn -0.8299 0.5579 -0.0000
vn -0.7187 0.5579 0.4149
vn -0.7187 0.5580 0.4149
vn -0.4463 0.8949 0.0001
vn -0.8298 0.5580 0.0001
vn -0.3378 -0.9208 -0.1950
vn -0.3900 -0.9208 -0.0000
vn -0.1950 -0.9208 -0.3378
vn -0.0000 -0.9208 -0.3900
vn 0.1950 -0.9208 -0.3378
vn 0.3378 -0.9208 -0.1950
vn 0.3900 -0.9208 -0.0000
vn 0.3378 -0.9208 0.1950
vn 0.1950 -0.9208 0.3378
vn -0.0000 -0.9208 0.3900
vn -0.1950 -0.9208 0.3378
vn -0.3378 -0.9208 0.1950
vn -0.3901 -0.9208 -0.0000
vn -0.3378 -0.9208 0.1951
vn -0.1951 -0.9208 -0.3378
vn -0.3378 -0.9208 -0.1951
vn -0.0000 -0.9208 0.3901
vn 0.3901 -0.9208 -0.0000
vn -0.0000 -0.9208 -0.3901
vn -0.1951 -0.9208 0.3378
vn 0.3378 -0.9208 0.1951
vn 0.1951 -0.9208 0.3378
vn -0.6695 0.6344 -0.3864
vn -0.3741 0.9274 0.0001
vn 0.3477 -0.7192 0.6016
vn 0.6870 -0.2781 0.6713
vn 0.0001 -0.3827 0.9239
vn -0.7153 -0.4941 0.4942
vn 0.6871 0.2781 -0.6713
vn 0.0001 -0.7071 0.7072
vn -0.0001 -0.3827 0.9239
vn -0.6871 -0.6713 0.2781
vn -0.7153 -0.4942 0.4941
vn 0.7153 0.4942 -0.4941
vn -0.7152 -0.4942 0.4942
vn -0.7267 -0.6347 0.2629
vn -0.3827 0.9239 0.0001
vn -0.4941 0.4942 -0.7153
vn 0.2781 -0.6713 0.6871
vn -0.7071 0.7072 0.0001
vn -0.3827 0.9239 -0.0001
vn -0.2781 0.6713 -0.6870
vn -0.6713 0.2781 -0.6871
vn -0.4942 0.4941 -0.7153
vn 0.4941 -0.4941 0.7153
vn -0.6347 0.2629 -0.7267
vn -0.0000 -0.7072 -0.7071
vn -0.0000 -0.7071 -0.7072
vn -0.7072 0.7070 -0.0001
vn 1.0000 -0.0002 -0.0001
vn -1.0000 -0.0001 -0.0001
vn -0.7070 -0.0001 -0.7072
vn -0.2781 0.6871 -0.6713
vn -0.2781 0.6713 0.6870
vn -0.0110 0.2781 -0.9605
vn -0.2891 0.6713 -0.6824
vn 0.2705 0.9239 -0.2707
vn 0.8552 0.4942 0.1564
vn 0.6825 0.6713 0.2892
vn -0.6825 -0.6713 -0.2892
vn 0.4999 0.7072 -0.5000
vn 0.2707 0.9239 -0.2705
vn 0.6824 0.6713 0.2891
vn 0.8552 0.4941 0.1563
vn -0.8552 -0.4941 -0.1564
vn -0.1564 0.4941 -0.8552
vn 0.6534 0.3827 -0.6532
vn 0.9626 0.2629 0.0650
vn 0.7153 0.4941 -0.4941
vn 0.6713 0.6870 -0.2781
vn 0.9239 0.0001 -0.3827
vn 0.4942 -0.7153 -0.4941
vn -0.4942 0.7152 0.4941
vn -0.6713 0.6871 0.2781
vn 0.7072 0.0001 -0.7071
vn 0.9239 -0.0001 -0.3827
vn 0.6713 -0.6870 -0.2781
vn 0.2781 -0.6871 -0.6713
vn 0.4941 -0.7153 -0.4942
vn -0.4941 0.7153 0.4942
vn 0.4942 -0.7152 -0.4942
vn 0.2629 -0.7267 -0.6347
vn -0.6870 -0.2781 0.6713
vn 0.7070 0.0001 0.7072
vn -0.7070 -0.0001 0.7072
vn 0.7070 -0.7072 -0.0002
vn 1.0000 -0.0001 -0.0002
vn 0.7071 0.7072 -0.0001
vn -0.7070 0.7072 0.0001
vn -0.0002 -0.7072 -0.7070
vn -0.7107 0.6092 -0.3517
vn 0.7107 -0.6093 0.3518
vn -0.0001 -0.9659 0.2588
vn 0.7107 -0.3518 0.6093
vn 0.7107 -0.6093 0.3517
vn -0.0001 -0.2588 0.9659
vn -0.6984 -0.1852 0.6913
vn -0.6093 0.3518 0.7107
vn -0.9659 0.2588 -0.0001
vn -0.3518 0.6092 0.7107
vn -0.2588 0.9659 -0.0001
vn -0.7107 -0.3517 0.6092
vn 0.7107 0.6093 -0.3517
vn 0.6093 -0.3518 0.7107
vn 0.9659 -0.2588 -0.0001
vn 0.2588 -0.9659 -0.0001
vn 0.6093 0.3518 -0.7107
vn -0.6092 -0.3517 0.7107
vn 0.9659 0.2588 0.0001
vn 0.3518 0.6092 -0.7107
vn 0.6093 0.3517 -0.7107
vn 0.2588 0.9659 0.0001
vn 0.1852 0.6913 0.6984
vn 0.7070 -0.0001 0.7072
vn 0.7070 -0.7072 -0.0001
vn -0.0001 -1.0000 -0.0001
vn -0.7070 -0.7072 -0.0001
vn 0.0001 0.7072 0.7071
vn -0.0001 0.0002 -1.0000
vn 0.3709 -0.3709 0.8514
vn -0.0001 0.8794 0.4760
vn -0.3709 0.3709 0.8514
vn -0.8794 -0.0001 0.4760
vn -0.3709 -0.3709 0.8514
vn 0.0001 -0.8794 0.4760
vn -0.3708 0.3708 0.8514
vn 0.8514 -0.3709 -0.3709
vn 0.4760 0.8794 0.0001
vn 0.8514 0.3709 0.3709
vn 0.4760 -0.0001 0.8794
vn 0.8514 -0.3709 0.3709
vn 0.4760 -0.8794 -0.0001
vn 0.8514 0.3708 0.3708
vn 0.5775 -0.5772 0.5774
vn 0.8164 -0.4084 -0.4082
vn 0.4082 -0.8164 -0.4084
vn -0.5775 -0.5772 -0.5774
vn 0.4084 -0.4082 -0.8164
vn 0.4083 -0.8165 -0.4082
vn 0.4082 -0.8165 -0.4083
vn 0.4082 -0.4083 -0.8165
vn -0.8164 -0.4084 0.4082
vn -0.4084 -0.4082 0.8164
vn -0.8165 -0.4083 0.4083
vn 0.8165 -0.4082 0.4083
vn -0.8165 -0.4082 0.4083
vn 0.5774 -0.5772 -0.5775
vn -0.4082 -0.4084 -0.8164
vn -0.4084 -0.8164 -0.4082
vn -0.5774 -0.5772 0.5775
vn -0.8164 -0.4082 -0.4084
vn -0.4082 -0.8165 -0.4083
vn -0.4083 -0.8165 -0.4082
vn -0.8165 -0.4083 -0.4083
vn 0.8165 -0.4083 -0.4082
vn -0.8165 -0.4083 -0.4082
vn 0.7071 0.7072 0.0001
vn -0.4083 -0.4082 -0.8165
vn -0.0001 0.7072 -0.7071
vn 0.4082 -0.4084 0.8164
vn 0.8164 -0.4082 0.4084
vn -0.7071 0.0001 -0.7072
vn -0.4084 0.8164 0.4082
vn -0.4082 0.4084 0.8164
vn -0.7072 0.0001 0.7071
vn -0.4082 0.8165 0.4083
vn -0.4083 0.4082 0.8165
vn 0.8164 0.4082 -0.4084
vn 0.8165 0.4083 -0.4082
vn 0.8165 0.4083 -0.4083
vn 0.4084 0.4082 0.8164
vn 0.4082 0.8164 0.4084
vn 0.8164 0.4084 0.4082
vn 0.4082 0.8165 0.4083
vn 0.4083 0.8165 0.4082
vn 0.8165 0.4083 0.4083
vn 0.8165 0.4082 0.4083
vn 0.4082 0.4083 0.8165
vn -0.4083 0.8165 -0.4082
vn 0.4082 0.8165 -0.4083
vn 0.7345 0.2598 -0.6269
vn 0.4760 0.8125 -0.3365
vn 0.7345 0.2596 -0.6270
vn 0.4760 0.8125 0.3366
vn 0.7345 0.2596 0.6270
vn 0.7346 0.2597 0.6269
vn 0.7344 0.2598 0.6270
vn 0.7344 0.2596 0.6271
vn -0.3675 0.8640 0.3440
vn -0.3676 0.8640 0.3440
vn -0.5198 0.7021 -0.4867
vn -0.5198 0.7021 0.4867
vn 0.5198 0.7021 0.4866
vn 0.5197 0.7022 -0.4866
vn 0.5197 0.7021 -0.4867
vn -0.3676 0.8640 0.3441
vn -0.5197 0.7021 0.4867
vn -0.7730 -0.5208 0.3624
vn 0.7072 -0.2458 0.6630
vn -0.7730 -0.5208 -0.3624
vn 0.7730 -0.5208 -0.3624
vn -0.7072 -0.2458 -0.6630
vn -0.7071 -0.2457 0.6631
vn 0.7071 -0.2457 -0.6631
vn 0.7072 0.6621 0.2482
vn 0.4083 0.6689 -0.6212
vn -0.7071 -0.6621 -0.2483
vn -0.7071 0.6622 0.2482
vn 0.4084 0.6689 -0.6211
vn 0.4084 -0.0955 -0.9078
vn -0.4083 -0.0956 -0.9078
vn 0.7072 -0.6621 -0.2482
vn 0.3015 0.0352 -0.9528
vn -0.3015 0.0352 -0.9528
vn -0.3016 0.0353 -0.9528
vn -0.7072 0.6620 0.2483
vn -0.3015 0.6000 -0.7410
vn 0.3015 0.6000 -0.7410
vn 0.3016 0.5999 -0.7410
vn 0.3016 0.0353 -0.9528
vn 0.2597 0.6268 -0.7346
vn 0.3365 0.8125 0.4760
vn 0.6269 0.2596 0.7345
vn -0.2596 0.6269 -0.7346
vn -0.3366 0.8125 0.4760
vn -0.4845 0.2008 -0.8514
vn -0.6270 0.2596 0.7345
vn 0.6270 0.2597 0.7344
vn 0.4845 0.2008 -0.8514
vn -0.6269 0.2596 0.7346
vn 0.2598 0.6270 -0.7344
vn -0.6016 0.7194 -0.3472
vn -0.6016 -0.7193 -0.3474
vn -0.3474 0.7194 -0.6015
vn -0.0001 0.7194 -0.6946
vn 0.3472 0.7194 -0.6016
vn 0.6015 0.7193 -0.3474
vn 0.6946 0.7194 -0.0001
vn 0.6016 0.7194 0.3472
vn 0.6016 -0.7193 0.3474
vn 0.3474 0.7194 0.6015
vn 0.3473 -0.7193 0.6017
vn 0.0001 0.7194 0.6946
vn -0.3472 0.7194 0.6016
vn -0.6015 0.7194 0.3474
vn -0.6946 0.7194 0.0001
vn 0.6015 0.7194 -0.3474
vn -0.6947 -0.7193 -0.0000
vn -0.3474 0.7193 -0.6015
vn -0.3473 -0.7193 -0.6017
vn -0.0000 -0.7193 -0.6947
vn 0.6947 -0.7193 -0.0000
vn 0.3474 0.7193 0.6015
vn -0.0000 -0.7193 0.6947
vn -0.6015 0.7193 0.3474
vn -0.6018 0.7192 0.3472
vn -0.0001 -0.5774 -0.8165
vn -0.6017 -0.7192 -0.3475
vn 0.6017 -0.7192 0.3475
vn -0.0000 -0.5773 -0.8165
vn 0.0001 -0.5773 -0.8165
vn -0.6016 0.3474 -0.7193
vn 0.6017 0.3474 -0.7192
vn -0.0000 0.1935 -0.9811
vn -0.3472 -0.7193 -0.6016
vn 0.6016 -0.7193 -0.3472
vn -0.0000 0.1935 0.9811
vn 0.3472 -0.7193 0.6016
vn -0.6016 -0.7193 0.3472
vn 0.1684 -0.9417 -0.2915
vn -0.6695 0.6343 -0.3865
vn -0.6694 0.6344 -0.3864
vn -0.3866 0.6343 -0.6695
vn -0.1871 0.9274 -0.3240
vn -0.3865 0.6344 -0.6694
vn -0.0001 0.1937 -0.9811
vn -0.4905 0.1937 -0.8497
vn -0.0001 0.9274 -0.3741
vn -0.0000 0.9274 -0.3741
vn 0.3865 0.6343 -0.6695
vn 0.6694 0.6344 -0.3865
vn 0.3866 0.6343 -0.6695
vn 0.3741 0.9274 -0.0001
vn 0.9811 0.1937 -0.0001
vn 0.8497 0.1937 -0.4905
vn 0.6694 0.6344 0.3864
vn 0.6695 0.6343 0.3865
vn 0.1871 0.9274 0.3240
vn 0.3865 0.6344 0.6694
vn 0.3866 0.6343 0.6695
vn 0.0001 0.9274 0.3741
vn 0.0001 0.1937 0.9811
vn 0.4905 0.1937 0.8497
vn -0.3865 0.6343 0.6695
vn -0.3864 0.6344 0.6694
vn -0.8496 0.1937 0.4906
vn -0.3240 0.9274 0.1871
vn -0.6694 0.6344 0.3865
vn -0.9811 0.1937 0.0001
vn -0.8497 0.1937 0.4905
vn -0.3366 -0.9416 0.0001
vn -0.2915 -0.9417 -0.1684
vn 0.1682 -0.9417 0.2915
vn 0.2915 -0.9416 -0.1682
vn -0.1682 -0.9416 0.2915
vn -0.1684 -0.9417 0.2915
vn -0.8555 0.1560 -0.4938
vn -0.4940 0.1560 -0.8554
vn -0.0001 0.1560 -0.9878
vn 0.4938 0.1560 -0.8555
vn 0.8554 0.1560 -0.4940
vn 0.9878 0.1560 -0.0001
vn 0.8555 0.1560 0.4938
vn 0.4940 0.1560 0.8554
vn 0.0001 0.1560 0.9878
vn -0.4938 0.1560 0.8555
vn -0.8554 0.1560 0.4940
vn -0.9878 0.1560 0.0001
vn -0.7187 0.5579 -0.4149
vn -0.4463 0.8949 -0.0001
vn -0.3866 0.8949 -0.2231
vn -0.4150 0.5579 -0.7187
vn -0.2232 0.8949 -0.3865
vn -0.0001 0.8949 -0.4463
vn -0.0000 0.5580 -0.8298
vn 0.0001 0.8949 -0.4463
vn 0.4149 0.5579 -0.7187
vn 0.7186 0.5580 -0.4150
vn 0.4150 0.5580 -0.7186
vn 0.4150 0.5579 -0.7187
vn 0.7187 0.5580 0.4148
vn 0.8298 0.5580 0.0001
vn 0.7187 0.5579 0.4149
vn 0.2232 0.8949 0.3865
vn 0.4150 0.5579 0.7187
vn -0.0000 0.8949 0.4463
vn -0.4149 0.5579 0.7187
vn -0.4148 0.5580 0.7187
vn -0.0001 0.5580 0.8298
vn -0.8554 0.1560 0.4939
vn -0.3865 0.8949 0.2232
vn -0.3866 0.8949 0.2231
vn -0.1950 -0.9208 0.3379
vn 0.2915 -0.9416 -0.1684
vt 0.037109 0.234375
vt 0.036230 0.242188
vt 0.037988 0.242188
vt 0.049686 0.289063
vt 0.045898 0.281250
vt 0.047970 0.289062
vt 0.042111 0.257812
vt 0.031250 0.265625
vt 0.042969 0.265625
vt 0.043827 0.257812
vt 0.054688 0.265625
vt 0.053829 0.257812
vt 0.051746 0.281250
vt 0.043848 0.273438
vt 0.045910 0.281250
vt 0.051746 0.250000
vt 0.043848 0.257812
vt 0.053809 0.257812
vt 0.049686 0.242188
vt 0.045898 0.250000
vt 0.051758 0.249999
vt 0.047949 0.289062
vt 0.048829 0.296875
vt 0.049707 0.289062
vt 0.043827 0.273438
vt 0.053829 0.273437
vt 0.042090 0.273438
vt 0.034192 0.281250
vt 0.040027 0.281250
vt 0.037110 0.296875
vt 0.037988 0.289062
vt 0.036230 0.289062
vt 0.037968 0.242188
vt 0.034180 0.250000
vt 0.040039 0.250000
vt 0.040027 0.250000
vt 0.032129 0.257811
vt 0.042090 0.257812
vt 0.032108 0.273438
vt 0.042111 0.273438
vt 0.037967 0.289062
vt 0.034180 0.281250
vt 0.036251 0.289062
vt 0.048829 0.234375
vt 0.047949 0.242188
vt 0.049707 0.242188
vt 0.013671 0.234375
vt 0.012793 0.242188
vt 0.014551 0.242188
vt 0.026249 0.289063
vt 0.022461 0.281250
vt 0.024532 0.289062
vt 0.018673 0.257812
vt 0.007812 0.265625
vt 0.019531 0.265625
vt 0.020389 0.257812
vt 0.031250 0.265625
vt 0.030392 0.257812
vt 0.028308 0.281250
vt 0.020410 0.273438
vt 0.022473 0.281250
vt 0.028308 0.250000
vt 0.020410 0.257812
vt 0.030371 0.257812
vt 0.026248 0.242188
vt 0.022461 0.250000
vt 0.028320 0.249999
vt 0.024512 0.289062
vt 0.025391 0.296875
vt 0.026270 0.289062
vt 0.020390 0.273438
vt 0.030392 0.273437
vt 0.018652 0.273438
vt 0.010754 0.281250
vt 0.016589 0.281250
vt 0.013672 0.296875
vt 0.014551 0.289062
vt 0.012793 0.289062
vt 0.014530 0.242188
vt 0.010742 0.250000
vt 0.016602 0.250000
vt 0.016590 0.250000
vt 0.008691 0.257811
vt 0.018652 0.257812
vt 0.008671 0.273438
vt 0.018673 0.273438
vt 0.014530 0.289062
vt 0.010742 0.281250
vt 0.012814 0.289062
vt 0.025391 0.234375
vt 0.024512 0.242188
vt 0.026270 0.242188
vt 0.019531 0.960938
vt 0.027344 0.968750
vt 0.027344 0.960938
vt 0.019531 0.953125
vt 0.027344 0.953125
vt 0.019531 0.945312
vt 0.027344 0.945312
vt 0.019531 0.937500
vt 0.027344 0.937500
vt 0.027344 0.992188
vt 0.019531 1.000000
vt 0.027344 1.000000
vt 0.019531 0.984375
vt 0.027344 0.984375
vt 0.019531 0.976562
vt 0.027344 0.976562
vt 0.019531 0.968750
vt 0.097656 0.992188
vt 0.128906 1.000000
vt 0.128906 0.992188
vt 0.097656 0.937500
vt 0.128906 0.945312
vt 0.128906 0.937500
vt 0.097656 0.945312
vt 0.128906 0.953125
vt 0.097656 0.968750
vt 0.128906 0.976562
vt 0.128906 0.968750
vt 0.097656 0.984375
vt 0.128906 0.984375
vt 0.097656 0.953125
vt 0.128906 0.960938
vt 0.097656 0.960938
vt 0.097656 1.000000
vt 0.074336 0.175781
vt 0.068555 0.183594
vt 0.071719 0.175781
vt 0.065234 0.207031
vt 0.082031 0.199219
vt 0.080859 0.207031
vt 0.077539 0.183594
vt 0.065234 0.191406
vt 0.068555 0.183594
vt 0.077539 0.214844
vt 0.074363 0.222656
vt 0.068555 0.214844
vt 0.071738 0.175781
vt 0.073028 0.166992
vt 0.074316 0.175781
vt 0.080859 0.191406
vt 0.073027 0.231445
vt 0.071738 0.222656
vt 0.074316 0.222656
vt 0.073027 0.098633
vt 0.071738 0.089844
vt 0.074316 0.089844
vt 0.053242 0.042969
vt 0.047461 0.050781
vt 0.050625 0.042969
vt 0.080859 0.074219
vt 0.064062 0.066406
vt 0.082031 0.066406
vt 0.044141 0.074219
vt 0.060938 0.066406
vt 0.059766 0.074219
vt 0.056445 0.050781
vt 0.044141 0.058594
vt 0.047461 0.050781
vt 0.056445 0.082031
vt 0.053269 0.089844
vt 0.047461 0.082031
vt 0.050703 0.042969
vt 0.051993 0.034180
vt 0.053281 0.042969
vt 0.059766 0.058594
vt 0.080859 0.058594
vt 0.068555 0.050781
vt 0.077539 0.050781
vt 0.073027 0.034180
vt 0.071738 0.042969
vt 0.074316 0.042969
vt 0.074363 0.089844
vt 0.068555 0.082031
vt 0.077539 0.082031
vt 0.065234 0.074219
vt 0.065234 0.058594
vt 0.074363 0.042969
vt 0.071719 0.042969
vt 0.051992 0.098633
vt 0.050703 0.089844
vt 0.053281 0.089844
vt 0.030059 0.098633
vt 0.028770 0.089844
vt 0.031348 0.089844
vt 0.010273 0.042969
vt 0.004492 0.050781
vt 0.007656 0.042969
vt 0.037891 0.074219
vt 0.021094 0.066406
vt 0.039062 0.066406
vt 0.001172 0.074219
vt 0.017969 0.066406
vt 0.016797 0.074219
vt 0.013477 0.050781
vt 0.001172 0.058594
vt 0.004492 0.050781
vt 0.013477 0.082031
vt 0.010300 0.089844
vt 0.004492 0.082031
vt 0.007656 0.042969
vt 0.008946 0.034180
vt 0.010234 0.042969
vt 0.016797 0.058594
vt 0.037891 0.058594
vt 0.025586 0.050781
vt 0.034570 0.050781
vt 0.030059 0.034180
vt 0.028770 0.042969
vt 0.031348 0.042969
vt 0.031394 0.089844
vt 0.025586 0.082031
vt 0.034570 0.082031
vt 0.022266 0.074219
vt 0.022266 0.058594
vt 0.031394 0.042969
vt 0.028750 0.042969
vt 0.008945 0.098633
vt 0.007656 0.089844
vt 0.010234 0.089844
vt 0.030059 0.231445
vt 0.028770 0.222656
vt 0.031348 0.222656
vt 0.010273 0.175781
vt 0.004492 0.183594
vt 0.007656 0.175781
vt 0.037891 0.207031
vt 0.021094 0.199219
vt 0.039062 0.199219
vt 0.001172 0.207031
vt 0.017969 0.199219
vt 0.016797 0.207031
vt 0.013477 0.183594
vt 0.001172 0.191406
vt 0.004492 0.183594
vt 0.013477 0.214844
vt 0.010300 0.222656
vt 0.004492 0.214844
vt 0.008946 0.166992
vt 0.010234 0.175781
vt 0.016797 0.191406
vt 0.037891 0.191406
vt 0.025586 0.183594
vt 0.034570 0.183594
vt 0.030059 0.166992
vt 0.028770 0.175781
vt 0.031348 0.175781
vt 0.031394 0.222656
vt 0.025586 0.214844
vt 0.034570 0.214844
vt 0.022266 0.207031
vt 0.022266 0.191406
vt 0.031394 0.175781
vt 0.028750 0.175781
vt 0.008945 0.231445
vt 0.007656 0.222656
vt 0.010234 0.222656
vt 0.073027 0.165039
vt 0.071738 0.156250
vt 0.074316 0.156250
vt 0.053242 0.109375
vt 0.047461 0.117188
vt 0.050625 0.109375
vt 0.080859 0.140625
vt 0.064062 0.132812
vt 0.082031 0.132812
vt 0.044141 0.140625
vt 0.060938 0.132812
vt 0.059766 0.140625
vt 0.056445 0.117188
vt 0.044141 0.125000
vt 0.047461 0.117188
vt 0.056445 0.148438
vt 0.053269 0.156250
vt 0.047461 0.148438
vt 0.050625 0.109375
vt 0.051915 0.100586
vt 0.053203 0.109375
vt 0.059766 0.125000
vt 0.080859 0.125000
vt 0.068555 0.117188
vt 0.077539 0.117188
vt 0.073027 0.100586
vt 0.071738 0.109375
vt 0.074316 0.109375
vt 0.074363 0.156250
vt 0.068555 0.148438
vt 0.077539 0.148438
vt 0.065234 0.140625
vt 0.065234 0.125000
vt 0.074363 0.109375
vt 0.071719 0.109375
vt 0.051914 0.165039
vt 0.050625 0.156250
vt 0.053203 0.156250
vt 0.030059 0.165039
vt 0.028770 0.156250
vt 0.031348 0.156250
vt 0.010273 0.109375
vt 0.004492 0.117188
vt 0.007656 0.109375
vt 0.037891 0.140625
vt 0.021094 0.132812
vt 0.039062 0.132812
vt 0.001172 0.140625
vt 0.017969 0.132812
vt 0.016797 0.140625
vt 0.013477 0.117188
vt 0.001172 0.125000
vt 0.004492 0.117188
vt 0.013477 0.148438
vt 0.010300 0.156250
vt 0.004492 0.148438
vt 0.007656 0.109375
vt 0.008946 0.100586
vt 0.010234 0.109375
vt 0.016797 0.125000
vt 0.037891 0.125000
vt 0.025586 0.117188
vt 0.034570 0.117188
vt 0.030059 0.100586
vt 0.028770 0.109375
vt 0.031348 0.109375
vt 0.031394 0.156250
vt 0.025586 0.148438
vt 0.034570 0.148438
vt 0.022266 0.140625
vt 0.022266 0.125000
vt 0.031394 0.109375
vt 0.028750 0.109375
vt 0.008945 0.165039
vt 0.007656 0.156250
vt 0.010234 0.156250
vt 0.136719 0.945312
vt 0.136719 0.953125
vt 0.136719 0.960938
vt 0.136719 0.968750
vt 0.136719 0.976562
vt 0.136719 0.984375
vt 0.136719 0.992188
vt 0.136719 1.000000
vt 0.136719 0.937500
vt 0.539062 0.960938
vt 0.453125 0.953125
vt 0.539062 0.953125
vt 0.539062 0.968750
vt 0.453125 0.960938
vt 0.453125 0.976562
vt 0.539062 0.976562
vt 0.453125 0.984375
vt 0.539062 0.984375
vt 0.453125 0.992188
vt 0.539062 0.992188
vt 0.453125 1.000000
vt 0.539062 1.000000
vt 0.539062 0.945312
vt 0.453125 0.937500
vt 0.539062 0.937500
vt 0.453125 0.945312
vt 0.261719 0.992188
vt 0.261719 0.984375
vt 0.261719 0.976562
vt 0.453125 0.968750
vt 0.261719 0.968750
vt 0.261719 0.960938
vt 0.261719 0.953125
vt 0.261719 0.945312
vt 0.261719 0.937500
vt 0.261719 1.000000
vt 0.144531 0.945312
vt 0.164062 0.937500
vt 0.144531 0.937500
vt 0.164062 0.953125
vt 0.144531 0.953125
vt 0.164062 0.960938
vt 0.144531 0.960938
vt 0.164062 0.968750
vt 0.144531 0.968750
vt 0.144531 0.976562
vt 0.164062 0.984375
vt 0.144531 0.984375
vt 0.164062 0.992188
vt 0.144531 0.992188
vt 0.164062 1.000000
vt 0.144531 1.000000
vt 0.164062 0.976562
vt 0.164062 0.945312
vt 0.335937 0.191405
vt 0.347656 0.192550
vt 0.417968 0.190259
vt 0.429687 0.191405
vt 0.417968 0.192547
vt 0.429687 0.207030
vt 0.417968 0.208172
vt 0.417968 0.205883
vt 0.347656 0.205887
vt 0.335937 0.207029
vt 0.417968 0.221509
vt 0.429687 0.222654
vt 0.417968 0.223796
vt 0.335937 0.222654
vt 0.347656 0.223800
vt 0.406250 0.187497
vt 0.394531 0.198070
vt 0.394531 0.184735
vt 0.359376 0.210937
vt 0.359376 0.203125
vt 0.371093 0.198074
vt 0.359376 0.187501
vt 0.371093 0.184739
vt 0.382812 0.199219
vt 0.382812 0.183590
vt 0.359376 0.195312
vt 0.347656 0.190262
vt 0.382812 0.214840
vt 0.394531 0.229320
vt 0.382812 0.230468
vt 0.382812 0.199224
vt 0.371093 0.213698
vt 0.371093 0.200363
vt 0.406250 0.203122
vt 0.394531 0.213695
vt 0.394531 0.200360
vt 0.347656 0.208176
vt 0.382812 0.199215
vt 0.382812 0.214835
vt 0.347656 0.221512
vt 0.359376 0.226562
vt 0.382812 0.214842
vt 0.371093 0.229324
vt 0.371093 0.215989
vt 0.394531 0.215985
vt 0.406250 0.226558
vt 0.359376 0.218751
vt 0.406250 0.210934
vt 0.406250 0.195308
vt 0.335937 0.238280
vt 0.347656 0.239425
vt 0.417968 0.237134
vt 0.429687 0.238280
vt 0.417968 0.239422
vt 0.429687 0.253905
vt 0.417968 0.255047
vt 0.417968 0.252758
vt 0.347656 0.252762
vt 0.335937 0.253904
vt 0.417968 0.268384
vt 0.429687 0.269529
vt 0.417968 0.270671
vt 0.335937 0.269529
vt 0.347656 0.270675
vt 0.394531 0.231610
vt 0.406250 0.242183
vt 0.394531 0.244945
vt 0.359376 0.257812
vt 0.359376 0.250000
vt 0.371093 0.231614
vt 0.359376 0.242187
vt 0.359376 0.234376
vt 0.382812 0.246094
vt 0.382812 0.230465
vt 0.347656 0.237137
vt 0.371093 0.244949
vt 0.382812 0.261715
vt 0.394531 0.276195
vt 0.382812 0.277343
vt 0.382812 0.246099
vt 0.371093 0.260573
vt 0.371093 0.247238
vt 0.394531 0.247235
vt 0.406250 0.257809
vt 0.394531 0.260570
vt 0.347656 0.255051
vt 0.382812 0.246090
vt 0.382812 0.261710
vt 0.347656 0.268387
vt 0.359376 0.273437
vt 0.382812 0.261717
vt 0.371093 0.276199
vt 0.371093 0.262864
vt 0.394531 0.262860
vt 0.406250 0.273433
vt 0.359376 0.265626
vt 0.406250 0.234372
vt 0.335937 0.144530
vt 0.347656 0.145675
vt 0.417968 0.143384
vt 0.429687 0.144530
vt 0.417968 0.145672
vt 0.429687 0.160155
vt 0.417968 0.161297
vt 0.417968 0.159008
vt 0.347656 0.159012
vt 0.335937 0.160154
vt 0.417968 0.174634
vt 0.429687 0.175779
vt 0.417968 0.176921
vt 0.335937 0.175779
vt 0.347656 0.176925
vt 0.406250 0.140622
vt 0.394531 0.151195
vt 0.394531 0.137860
vt 0.359376 0.164062
vt 0.359376 0.156250
vt 0.371093 0.151199
vt 0.359376 0.140626
vt 0.371093 0.137864
vt 0.382812 0.152344
vt 0.382812 0.136715
vt 0.359376 0.148437
vt 0.347656 0.143387
vt 0.382812 0.167965
vt 0.394531 0.182445
vt 0.382812 0.183593
vt 0.382812 0.152349
vt 0.371093 0.166823
vt 0.371093 0.153488
vt 0.406250 0.156247
vt 0.394531 0.166820
vt 0.394531 0.153485
vt 0.347656 0.161301
vt 0.382812 0.152340
vt 0.382812 0.167960
vt 0.347656 0.174637
vt 0.359376 0.179687
vt 0.382812 0.167967
vt 0.371093 0.182449
vt 0.371093 0.169114
vt 0.394531 0.169110
vt 0.406250 0.179683
vt 0.359376 0.171876
vt 0.406250 0.164059
vt 0.406250 0.148433
vt 0.335937 0.332030
vt 0.347656 0.333175
vt 0.417968 0.330884
vt 0.429687 0.332030
vt 0.417968 0.333172
vt 0.429687 0.347655
vt 0.417968 0.348797
vt 0.417968 0.346508
vt 0.347656 0.346512
vt 0.335937 0.347654
vt 0.417968 0.362134
vt 0.429687 0.363279
vt 0.417968 0.364421
vt 0.335937 0.363279
vt 0.347656 0.364425
vt 0.406250 0.328122
vt 0.394531 0.338695
vt 0.394531 0.325360
vt 0.359376 0.351562
vt 0.359376 0.343750
vt 0.371093 0.338699
vt 0.359376 0.328126
vt 0.371093 0.325364
vt 0.382812 0.339844
vt 0.382812 0.324215
vt 0.359376 0.335937
vt 0.347656 0.330887
vt 0.382812 0.355465
vt 0.394531 0.369945
vt 0.382812 0.371093
vt 0.382812 0.339849
vt 0.371093 0.354323
vt 0.371093 0.340988
vt 0.406250 0.343747
vt 0.394531 0.354320
vt 0.394531 0.340985
vt 0.347656 0.348801
vt 0.382812 0.339840
vt 0.382812 0.355460
vt 0.347656 0.362137
vt 0.359376 0.367187
vt 0.382812 0.355467
vt 0.371093 0.369949
vt 0.371093 0.356614
vt 0.394531 0.356610
vt 0.406250 0.367183
vt 0.359376 0.359376
vt 0.406250 0.351559
vt 0.406250 0.335933
vt 0.335937 0.285155
vt 0.347656 0.286300
vt 0.417968 0.284009
vt 0.429687 0.285155
vt 0.417968 0.286297
vt 0.429687 0.300780
vt 0.417968 0.301922
vt 0.417968 0.299633
vt 0.347656 0.299637
vt 0.335937 0.300779
vt 0.417968 0.315259
vt 0.429687 0.316404
vt 0.417968 0.317546
vt 0.335937 0.316404
vt 0.347656 0.317550
vt 0.406250 0.281247
vt 0.394531 0.291820
vt 0.394531 0.278485
vt 0.359376 0.304687
vt 0.359376 0.296875
vt 0.371093 0.291824
vt 0.359376 0.281251
vt 0.371093 0.278489
vt 0.382812 0.292969
vt 0.382812 0.277340
vt 0.359376 0.289062
vt 0.347656 0.284012
vt 0.382812 0.308590
vt 0.394531 0.323070
vt 0.382812 0.324218
vt 0.382812 0.292974
vt 0.371093 0.307448
vt 0.371093 0.294113
vt 0.394531 0.294110
vt 0.406250 0.304684
vt 0.394531 0.307445
vt 0.347656 0.301926
vt 0.382812 0.292965
vt 0.382812 0.308585
vt 0.347656 0.315262
vt 0.359376 0.320312
vt 0.382812 0.308592
vt 0.371093 0.323074
vt 0.371093 0.309739
vt 0.394531 0.309735
vt 0.406250 0.320308
vt 0.359376 0.312501
vt 0.406250 0.289058
vt 0.417969 0.937500
vt 0.203125 0.925781
vt 0.203125 0.937500
vt 0.417969 0.855469
vt 0.203125 0.843750
vt 0.203125 0.855469
vt 0.417969 0.867188
vt 0.203125 0.867188
vt 0.417969 0.878906
vt 0.203125 0.878906
vt 0.203125 0.890625
vt 0.417969 0.902344
vt 0.203125 0.902344
vt 0.417969 0.914062
vt 0.203125 0.914062
vt 0.417969 0.925781
vt 0.000000 0.855469
vt 0.007812 0.843750
vt 0.007812 0.855469
vt 0.000000 0.867188
vt 0.007812 0.867188
vt 0.000000 0.878906
vt 0.007812 0.878906
vt 0.000000 0.890625
vt 0.007812 0.890625
vt 0.007812 0.902344
vt 0.000000 0.914062
vt 0.007812 0.914062
vt 0.000000 0.925781
vt 0.007812 0.925781
vt 0.000000 0.937500
vt 0.007812 0.937500
vt 0.015625 0.878906
vt 0.015625 0.867188
vt 0.015625 0.855469
vt 0.015625 0.843750
vt 0.015625 0.937500
vt 0.015625 0.914062
vt 0.015625 0.902344
vt 0.015625 0.890625
vt 0.097656 0.878906
vt 0.179688 0.890625
vt 0.179688 0.878906
vt 0.097656 0.867188
vt 0.179688 0.867188
vt 0.097656 0.855469
vt 0.179688 0.855469
vt 0.097656 0.843750
vt 0.179688 0.843750
vt 0.179688 0.925781
vt 0.179688 0.937500
vt 0.097656 0.914062
vt 0.179688 0.914062
vt 0.097656 0.902344
vt 0.179688 0.902344
vt 0.097656 0.890625
vt 0.015625 0.925781
vt 0.097656 0.925781
vt 0.539062 0.925781
vt 0.539062 0.843750
vt 0.539062 0.855469
vt 0.539062 0.867188
vt 0.539062 0.878906
vt 0.539062 0.890625
vt 0.539062 0.902344
vt 0.539062 0.914062
vt 0.593750 0.527344
vt 0.589844 0.523438
vt 0.593750 0.523438
vt 0.585938 0.527344
vt 0.589844 0.527344
vt 0.582031 0.523438
vt 0.585938 0.523438
vt 0.582031 0.527344
vt 0.578125 0.523438
vt 0.605469 0.523438
vt 0.609375 0.527344
vt 0.605469 0.527344
vt 0.601562 0.527344
vt 0.593750 0.515625
vt 0.596038 0.510101
vt 0.601562 0.507812
vt 0.607087 0.510101
vt 0.609375 0.515625
vt 0.607087 0.521149
vt 0.601562 0.523438
vt 0.596038 0.521149
vt 0.597656 0.523438
vt 0.597656 0.527344
vt 0.580413 0.510101
vt 0.585938 0.507812
vt 0.591462 0.510101
vt 0.591462 0.521149
vt 0.580413 0.521149
vt 0.578125 0.515625
vt 0.593750 0.503906
vt 0.589844 0.500000
vt 0.593750 0.500000
vt 0.585938 0.503906
vt 0.589844 0.503906
vt 0.582031 0.500000
vt 0.585938 0.500000
vt 0.582031 0.503906
vt 0.578125 0.500000
vt 0.605469 0.500000
vt 0.609375 0.503906
vt 0.605469 0.503906
vt 0.601562 0.503906
vt 0.593750 0.492188
vt 0.596038 0.486663
vt 0.601562 0.484375
vt 0.607087 0.486663
vt 0.609375 0.492188
vt 0.607087 0.497712
vt 0.601562 0.500000
vt 0.596038 0.497712
vt 0.597656 0.500000
vt 0.597656 0.503906
vt 0.580413 0.486663
vt 0.585938 0.484375
vt 0.591462 0.486663
vt 0.591462 0.497712
vt 0.580413 0.497712
vt 0.578125 0.492188
vt 0.593750 0.480469
vt 0.589844 0.476562
vt 0.593750 0.476562
vt 0.585938 0.480469
vt 0.589844 0.480469
vt 0.582031 0.476562
vt 0.585938 0.476562
vt 0.582031 0.480469
vt 0.578125 0.476562
vt 0.605469 0.476562
vt 0.609375 0.480469
vt 0.605469 0.480469
vt 0.601562 0.480469
vt 0.593750 0.468750
vt 0.596038 0.463226
vt 0.601562 0.460938
vt 0.607087 0.463226
vt 0.609375 0.468750
vt 0.607087 0.474274
vt 0.601562 0.476562
vt 0.596038 0.474274
vt 0.597656 0.476562
vt 0.597656 0.480469
vt 0.580413 0.463226
vt 0.585938 0.460938
vt 0.591462 0.463226
vt 0.591462 0.474274
vt 0.580413 0.474274
vt 0.578125 0.468750
vt 0.820605 0.492188
vt 0.824219 0.507812
vt 0.816406 0.507812
vt 0.828418 0.492188
vt 0.832031 0.507812
vt 0.824219 0.507812
vt 0.836230 0.492188
vt 0.839844 0.507812
vt 0.844043 0.492188
vt 0.847656 0.507813
vt 0.851855 0.492188
vt 0.855469 0.507812
vt 0.847656 0.507812
vt 0.859668 0.492188
vt 0.863281 0.507812
vt 0.855469 0.507812
vt 0.468750 0.531250
vt 0.453125 0.546875
vt 0.453125 0.531250
vt 0.484375 0.531250
vt 0.468750 0.546875
vt 0.476562 0.554688
vt 0.484375 0.546875
vt 0.484375 0.562500
vt 0.492188 0.539062
vt 0.500000 0.546875
vt 0.492188 0.554688
vt 0.453125 0.562500
vt 0.460938 0.000000
vt 0.453125 0.218750
vt 0.453125 0.000000
vt 0.445312 0.218750
vt 0.445312 0.000000
vt 0.437500 0.218750
vt 0.437500 0.000000
vt 0.468750 0.000000
vt 0.460938 0.218750
vt 0.453125 0.375000
vt 0.445312 0.468750
vt 0.445312 0.375000
vt 0.476562 0.375000
vt 0.468750 0.468750
vt 0.468750 0.375000
vt 0.460938 0.468750
vt 0.460938 0.375000
vt 0.453125 0.468750
vt 0.546875 0.562500
vt 0.531250 0.578125
vt 0.531250 0.562500
vt 0.531250 0.593750
vt 0.546875 0.578125
vt 0.546875 0.593750
vt 0.515625 0.578125
vt 0.515625 0.562500
vt 0.507812 0.585938
vt 0.500000 0.578125
vt 0.515625 0.593750
vt 0.507812 0.570312
vt 0.523438 0.585938
vt 0.500000 0.218750
vt 0.507812 0.375000
vt 0.507812 0.218750
vt 0.476562 0.218750
vt 0.484375 0.375000
vt 0.484375 0.218750
vt 0.492188 0.375000
vt 0.492188 0.218750
vt 0.500000 0.375000
vt 0.531250 0.531250
vt 0.515625 0.546875
vt 0.515625 0.531250
vt 0.531250 0.546875
vt 0.546875 0.546875
vt 0.546875 0.531250
vt 0.507812 0.554688
vt 0.507812 0.539062
vt 0.523438 0.554688
vt 0.500000 0.000000
vt 0.492188 0.000000
vt 0.484375 0.000000
vt 0.476562 0.000000
vt 0.468750 0.218750
vt 0.476562 0.468750
vt 0.500000 0.468750
vt 0.492188 0.468750
vt 0.484375 0.468750
vt 0.468750 0.578125
vt 0.468750 0.562500
vt 0.453125 0.578125
vt 0.468750 0.593750
vt 0.453125 0.593750
vt 0.492188 0.585938
vt 0.484375 0.578125
vt 0.484375 0.593750
vt 0.492188 0.570312
vt 0.476562 0.585938
vt 0.546875 0.484375
vt 0.531250 0.468750
vt 0.546875 0.468750
vt 0.546875 0.500000
vt 0.531250 0.484375
vt 0.507812 0.476562
vt 0.500000 0.484375
vt 0.500000 0.476562
vt 0.515625 0.468750
vt 0.515625 0.484375
vt 0.523438 0.492188
vt 0.531250 0.500000
vt 0.515625 0.500000
vt 0.515625 0.492188
vt 0.523438 0.476562
vt 0.515625 0.476562
vt 0.531250 0.515625
vt 0.546875 0.515625
vt 0.507812 0.507812
vt 0.500000 0.515625
vt 0.500000 0.507812
vt 0.515625 0.515625
vt 0.523438 0.523438
vt 0.515625 0.523438
vt 0.523438 0.507812
vt 0.515625 0.507812
vt 0.539062 0.218750
vt 0.546875 0.000000
vt 0.546875 0.218750
vt 0.554688 0.000000
vt 0.554688 0.218750
vt 0.562500 0.000000
vt 0.562500 0.218750
vt 0.531250 0.218750
vt 0.539062 0.000000
vt 0.539062 0.375000
vt 0.539062 0.468750
vt 0.531250 0.375000
vt 0.554688 0.468750
vt 0.546875 0.375000
vt 0.468750 0.500000
vt 0.453125 0.484375
vt 0.468750 0.484375
vt 0.476562 0.476562
vt 0.484375 0.484375
vt 0.476562 0.492188
vt 0.484375 0.500000
vt 0.476562 0.484375
vt 0.492188 0.476562
vt 0.468750 0.515625
vt 0.453125 0.500000
vt 0.453125 0.515625
vt 0.492188 0.507812
vt 0.484375 0.515625
vt 0.476562 0.523438
vt 0.476562 0.515625
vt 0.476562 0.507812
vt 0.476562 0.500000
vt 0.515625 0.218750
vt 0.523438 0.000000
vt 0.523438 0.218750
vt 0.531250 0.000000
vt 0.507812 0.000000
vt 0.515625 0.000000
vt 0.515625 0.375000
vt 0.523438 0.375000
vt 0.507812 0.468750
vt 0.523438 0.468750
vt 0.328125 0.031250
vt 0.109375 0.000000
vt 0.328125 0.000000
vt 0.031250 0.031250
vt 0.109375 0.031250
vt 0.117188 0.039062
vt 0.109375 0.109375
vt 0.328125 0.140625
vt 0.109375 0.140625
vt 0.117188 0.101562
vt 0.281250 0.109375
vt 0.281250 0.093750
vt 0.277344 0.101562
vt 0.277344 0.093750
vt 0.285156 0.093750
vt 0.281250 0.101562
vt 0.316406 0.093750
vt 0.285156 0.101562
vt 0.320312 0.101562
vt 0.320312 0.093750
vt 0.324219 0.101562
vt 0.324219 0.093750
vt 0.328125 0.101562
vt 0.320312 0.109375
vt 0.281250 0.105469
vt 0.320312 0.105469
vt 0.316406 0.109375
vt 0.285156 0.109375
vt 0.632812 0.320312
vt 0.625000 0.562500
vt 0.625000 0.312500
vt 0.562500 0.250000
vt 0.625000 0.000000
vt 0.625000 0.250000
vt 1.000000 0.562500
vt 0.937500 0.250000
vt 1.000000 0.250000
vt 0.937500 0.312500
vt 1.000000 0.000000
vt 0.937500 0.000000
vt 0.632812 0.554688
vt 0.710938 0.562500
vt 0.710938 0.312500
vt 0.750000 0.445312
vt 0.937500 0.445312
vt 0.937500 0.687500
vt 0.750000 0.750000
vt 0.750000 0.687500
vt 0.937500 0.625000
vt 0.750000 0.625000
vt 0.750000 0.562500
vt 0.687500 0.710938
vt 1.000000 0.601562
vt 0.937500 0.562500
vt 0.750000 0.554688
vt 0.937500 0.554688
vt 0.578125 0.391992
vt 0.585938 0.458398
vt 0.578125 0.458398
vt 0.578125 0.389453
vt 0.585938 0.321484
vt 0.578125 0.321484
vt 0.585938 0.318945
vt 0.578125 0.252539
vt 0.585938 0.252539
vt 0.574219 0.324219
vt 0.574219 0.394522
vt 0.574219 0.316402
vt 0.578125 0.318945
vt 0.589844 0.394536
vt 0.585938 0.391992
vt 0.589844 0.386719
vt 0.585938 0.389453
vt 0.589844 0.316416
vt 0.601562 0.391992
vt 0.609375 0.458398
vt 0.601562 0.458398
vt 0.601562 0.321484
vt 0.609375 0.389453
vt 0.601562 0.389453
vt 0.609375 0.318945
vt 0.601562 0.252539
vt 0.609375 0.252539
vt 0.597656 0.386719
vt 0.597656 0.394522
vt 0.597656 0.316402
vt 0.601562 0.318945
vt 0.613281 0.394536
vt 0.609375 0.391992
vt 0.613281 0.324219
vt 0.609375 0.321484
vt 0.613281 0.316416
vt 0.652344 0.496094
vt 0.695312 0.492188
vt 0.695312 0.496094
vt 0.652344 0.449219
vt 0.648438 0.492188
vt 0.648438 0.449219
vt 0.695312 0.445312
vt 0.695312 0.449219
vt 0.699219 0.492187
vt 0.695312 0.449219
vt 0.699219 0.449219
vt 0.691406 0.488281
vt 0.652344 0.492188
vt 0.656250 0.488281
vt 0.656250 0.453125
vt 0.691406 0.453125
vt 0.691406 0.496094
vt 0.656250 0.500000
vt 0.656250 0.496094
vt 0.648438 0.453125
vt 0.644531 0.488281
vt 0.644531 0.453125
vt 0.691406 0.441406
vt 0.656250 0.445312
vt 0.656250 0.441406
vt 0.699219 0.453125
vt 0.703125 0.488281
vt 0.699219 0.488281
vt 0.437500 0.078125
vt 0.421875 0.062500
vt 0.437500 0.062500
vt 0.359375 0.093750
vt 0.406250 0.078125
vt 0.406250 0.093750
vt 0.328125 0.062500
vt 0.343750 0.078125
vt 0.328125 0.078125
vt 0.414062 0.089844
vt 0.421875 0.113281
vt 0.409876 0.105469
vt 0.343750 0.062500
vt 0.359375 0.078125
vt 0.421875 0.000000
vt 0.343750 0.113281
vt 0.351562 0.089844
vt 0.355749 0.105469
vt 0.343750 0.082031
vt 0.351562 0.082031
vt 0.421875 0.082031
vt 0.414062 0.082031
vt 0.343750 0.000000
vt 0.398438 0.116907
vt 0.406250 0.128906
vt 0.382812 0.128906
vt 0.367188 0.116907
vt 0.359375 0.128906
vt 0.382812 0.121094
vt 0.812500 0.832031
vt 0.828125 0.824219
vt 0.828125 0.832031
vt 0.796875 0.832031
vt 0.812500 0.824219
vt 0.781250 0.832031
vt 0.796875 0.824219
vt 0.765625 0.832031
vt 0.781250 0.824219
vt 0.937500 0.832031
vt 0.953125 0.824219
vt 0.953125 0.832031
vt 0.921875 0.832031
vt 0.937500 0.824219
vt 0.906250 0.832031
vt 0.921875 0.824219
vt 0.890625 0.832031
vt 0.906250 0.824219
vt 0.875000 0.832031
vt 0.890625 0.824219
vt 0.859375 0.832031
vt 0.875000 0.824219
vt 0.843750 0.832031
vt 0.859375 0.824219
vt 0.843750 0.824219
vt 0.938477 0.835938
vt 0.780273 0.835938
vt 0.782227 0.835938
vt 0.811523 0.835938
vt 0.813477 0.835937
vt 0.842773 0.835937
vt 0.844727 0.835938
vt 0.874023 0.835938
vt 0.875977 0.835938
vt 0.905273 0.835938
vt 0.907227 0.835937
vt 0.936523 0.835937
vt 0.813477 0.820313
vt 0.842773 0.820313
vt 0.844727 0.820312
vt 0.874023 0.820312
vt 0.875977 0.820312
vt 0.905273 0.820312
vt 0.907227 0.820313
vt 0.936523 0.820313
vt 0.938477 0.820312
vt 0.765625 0.824219
vt 0.780273 0.820312
vt 0.782227 0.820312
vt 0.811523 0.820312
vt 0.812500 0.871094
vt 0.828125 0.863281
vt 0.828125 0.871094
vt 0.796875 0.871094
vt 0.812500 0.863281
vt 0.781250 0.871094
vt 0.796875 0.863281
vt 0.765625 0.871094
vt 0.781250 0.863281
vt 0.937500 0.871094
vt 0.953125 0.863281
vt 0.953125 0.871094
vt 0.921875 0.871094
vt 0.937500 0.863281
vt 0.906250 0.871094
vt 0.921875 0.863281
vt 0.890625 0.871094
vt 0.906250 0.863281
vt 0.875000 0.871094
vt 0.890625 0.863281
vt 0.859375 0.871094
vt 0.875000 0.863281
vt 0.843750 0.871094
vt 0.859375 0.863281
vt 0.843750 0.863281
vt 0.938477 0.875000
vt 0.780273 0.875000
vt 0.782227 0.875000
vt 0.811523 0.875000
vt 0.813477 0.875000
vt 0.842773 0.875000
vt 0.844727 0.875000
vt 0.874023 0.875000
vt 0.875977 0.875000
vt 0.905273 0.875000
vt 0.907227 0.875000
vt 0.936523 0.875000
vt 0.813477 0.859375
vt 0.842773 0.859375
vt 0.874023 0.859375
vt 0.875977 0.859375
vt 0.907227 0.859375
vt 0.936523 0.859375
vt 0.765625 0.863281
vt 0.780273 0.859375
vt 0.782227 0.859375
vt 0.824219 0.859375
vt 0.882812 0.851562
vt 0.882812 0.859375
vt 0.824219 0.839844
vt 0.882812 0.847656
vt 0.882812 0.839844
vt 0.941406 0.851562
vt 0.941406 0.859375
vt 0.941406 0.847656
vt 0.941406 0.839844
vt 1.000000 0.851562
vt 1.000000 0.859375
vt 1.000000 0.847656
vt 1.000000 0.839844
vt 0.765625 0.859375
vt 0.824219 0.851562
vt 0.765625 0.839844
vt 0.824219 0.847656
vt 0.941406 0.835938
vt 1.000000 0.835938
vt 0.882812 0.835938
vt 0.824219 0.835938
vt 0.765625 0.835938
vt 0.765625 0.847656
vt 0.765625 0.851562
vt 0.855469 0.863281
vt 0.858431 0.859375
vt 0.844695 0.859375
vt 0.847656 0.863281
vt 0.808594 0.863281
vt 0.811556 0.859375
vt 0.797819 0.859375
vt 0.800781 0.863281
vt 0.949219 0.863281
vt 0.952181 0.859375
vt 0.938444 0.859375
vt 0.941406 0.863281
vt 0.902344 0.863281
vt 0.905306 0.859375
vt 0.891569 0.859375
vt 0.894531 0.863281
vt 0.789062 0.996094
vt 0.812500 0.988281
vt 0.812500 0.996094
vt 0.765625 0.996094
vt 0.789062 0.988281
vt 0.742188 0.996094
vt 0.765625 0.988281
vt 0.718750 0.996094
vt 0.742188 0.988281
vt 0.976562 0.996094
vt 1.000000 0.988281
vt 1.000000 0.996094
vt 0.953125 0.996094
vt 0.976562 0.988281
vt 0.929688 0.996094
vt 0.953125 0.988281
vt 0.906250 0.996094
vt 0.929688 0.988281
vt 0.882812 0.996094
vt 0.906250 0.988281
vt 0.859375 0.996094
vt 0.882812 0.988281
vt 0.835938 0.996094
vt 0.859375 0.988281
vt 0.835938 0.988281
vt 0.881747 1.000000
vt 0.883878 1.000000
vt 0.882812 0.996095
vt 0.928622 1.000000
vt 0.930753 1.000000
vt 0.975497 1.000000
vt 0.977628 1.000000
vt 0.741122 1.000000
vt 0.743253 1.000000
vt 0.787997 1.000000
vt 0.790128 1.000000
vt 0.834872 1.000000
vt 0.837003 1.000000
vt 0.977628 0.984375
vt 0.975497 0.984375
vt 0.930753 0.984375
vt 0.928622 0.984375
vt 0.883878 0.984375
vt 0.881747 0.984375
vt 0.837003 0.984375
vt 0.834872 0.984375
vt 0.790128 0.984375
vt 0.787997 0.984375
vt 0.743253 0.984375
vt 0.718750 0.988281
vt 0.741122 0.984375
vt 0.859375 0.949219
vt 0.835938 0.957031
vt 0.835938 0.949219
vt 0.882812 0.949219
vt 0.859375 0.957031
vt 0.906250 0.949219
vt 0.882812 0.957031
vt 0.929688 0.949219
vt 0.906250 0.957031
vt 0.953125 0.949219
vt 0.929688 0.957031
vt 0.976562 0.949219
vt 0.953125 0.957031
vt 1.000000 0.949219
vt 0.976562 0.957031
vt 0.742188 0.949219
vt 0.718750 0.957031
vt 0.718750 0.949219
vt 0.765625 0.949219
vt 0.742188 0.957031
vt 0.789062 0.949219
vt 0.765625 0.957031
vt 0.812500 0.949219
vt 0.789062 0.957031
vt 0.812500 0.957031
vt 0.766690 0.945313
vt 0.764560 0.945313
vt 0.719815 0.945313
vt 0.998935 0.945313
vt 0.954190 0.945313
vt 0.952060 0.945313
vt 0.907315 0.945313
vt 0.905185 0.945313
vt 0.860440 0.945313
vt 0.858310 0.945312
vt 0.813565 0.945313
vt 0.811435 0.945313
vt 0.954190 0.960938
vt 0.977628 0.960938
vt 1.000000 0.957031
vt 0.976562 0.957031
vt 0.764560 0.960937
vt 0.813565 0.960938
vt 0.858310 0.960937
vt 0.905185 0.960937
vt 1.000000 0.976562
vt 0.929688 0.984375
vt 0.929688 0.976562
vt 0.929688 0.964844
vt 1.000000 0.972656
vt 1.000000 0.964844
vt 0.859375 0.976562
vt 0.789062 0.984375
vt 0.789062 0.976562
vt 0.859375 0.964844
vt 0.789062 0.972656
vt 0.789062 0.964844
vt 0.741092 0.960938
vt 0.734375 0.957031
vt 0.726562 0.957031
vt 0.719845 0.960937
vt 0.907315 0.960937
vt 0.928622 0.960938
vt 0.881718 0.960938
vt 0.875000 0.957031
vt 0.867188 0.957031
vt 0.860470 0.960938
vt 0.766690 0.960937
vt 0.787997 0.960938
vt 0.789062 0.960938
vt 0.859375 0.960938
vt 0.859375 0.972656
vt 1.000000 0.960938
vt 0.859375 0.984375
vt 0.718750 0.964844
vt 0.718750 0.984375
vt 0.718750 0.976562
vt 0.929688 0.972656
vt 0.718750 0.972656
vt 0.718750 0.960938
vt 0.937500 0.957031
vt 0.930783 0.960938
vt 0.952031 0.960937
vt 0.945312 0.957032
vt 0.811406 0.960937
vt 0.804688 0.957032
vt 0.796875 0.957031
vt 0.790158 0.960938
vt 0.789062 0.933594
vt 0.812500 0.925781
vt 0.812500 0.933594
vt 0.765625 0.933594
vt 0.789062 0.925781
vt 0.742188 0.933594
vt 0.765625 0.925781
vt 0.718750 0.933594
vt 0.742188 0.925781
vt 0.976562 0.933594
vt 1.000000 0.925781
vt 1.000000 0.933594
vt 0.953125 0.933594
vt 0.976562 0.925781
vt 0.929688 0.933594
vt 0.953125 0.925781
vt 0.906250 0.933594
vt 0.929688 0.925781
vt 0.882812 0.933594
vt 0.906250 0.925781
vt 0.859375 0.933594
vt 0.882812 0.925781
vt 0.835938 0.933594
vt 0.859375 0.925781
vt 0.835938 0.925781
vt 0.881747 0.937500
vt 0.883878 0.937500
vt 0.882812 0.933595
vt 0.928622 0.937500
vt 0.930753 0.937500
vt 0.975497 0.937500
vt 0.977628 0.937500
vt 0.741122 0.937500
vt 0.743253 0.937500
vt 0.787997 0.937500
vt 0.790128 0.937500
vt 0.834872 0.937500
vt 0.837003 0.937500
vt 0.977628 0.921875
vt 0.975497 0.921875
vt 0.930753 0.921875
vt 0.928622 0.921875
vt 0.883878 0.921875
vt 0.881747 0.921875
vt 0.837003 0.921875
vt 0.834872 0.921875
vt 0.790128 0.921875
vt 0.787997 0.921875
vt 0.743253 0.921875
vt 0.718750 0.925781
vt 0.741122 0.921875
vt 0.859375 0.886719
vt 0.835938 0.894531
vt 0.835938 0.886719
vt 0.882812 0.886719
vt 0.859375 0.894531
vt 0.906250 0.886719
vt 0.882812 0.894531
vt 0.929688 0.886719
vt 0.906250 0.894531
vt 0.953125 0.886719
vt 0.929688 0.894531
vt 0.976562 0.886719
vt 0.953125 0.894531
vt 1.000000 0.886719
vt 0.976562 0.894531
vt 0.742188 0.886719
vt 0.718750 0.894531
vt 0.718750 0.886719
vt 0.765625 0.886719
vt 0.742188 0.894531
vt 0.789062 0.886719
vt 0.765625 0.894531
vt 0.812500 0.886719
vt 0.789062 0.894531
vt 0.812500 0.894531
vt 0.766690 0.882813
vt 0.764560 0.882813
vt 0.719815 0.882813
vt 0.998935 0.882813
vt 0.954190 0.882813
vt 0.952060 0.882813
vt 0.907315 0.882813
vt 0.905185 0.882813
vt 0.860440 0.882813
vt 0.858310 0.882812
vt 0.813565 0.882813
vt 0.811435 0.882813
vt 0.954190 0.898438
vt 0.977628 0.898438
vt 1.000000 0.894531
vt 0.976562 0.894531
vt 0.764560 0.898437
vt 0.813565 0.898438
vt 0.858310 0.898437
vt 0.905185 0.898437
vt 1.000000 0.914062
vt 0.929688 0.921875
vt 0.929688 0.914062
vt 1.000000 0.902344
vt 0.929688 0.910156
vt 0.929688 0.902344
vt 0.859375 0.914062
vt 0.789062 0.921875
vt 0.789062 0.914062
vt 0.859375 0.902344
vt 0.789062 0.910156
vt 0.789062 0.902344
vt 0.741092 0.898438
vt 0.734375 0.894531
vt 0.726562 0.894531
vt 0.719845 0.898437
vt 0.907315 0.898437
vt 0.928622 0.898438
vt 0.881718 0.898438
vt 0.875000 0.894531
vt 0.867188 0.894531
vt 0.860470 0.898438
vt 0.766690 0.898437
vt 0.787997 0.898438
vt 0.789062 0.898438
vt 0.859375 0.898438
vt 0.859375 0.910156
vt 1.000000 0.898438
vt 0.929688 0.898438
vt 1.000000 0.910156
vt 0.859375 0.921875
vt 0.718750 0.902344
vt 0.718750 0.921875
vt 0.718750 0.914062
vt 0.718750 0.910156
vt 0.718750 0.898438
vt 0.937500 0.894531
vt 0.930783 0.898438
vt 0.952031 0.898437
vt 0.945312 0.894532
vt 0.811406 0.898437
vt 0.804688 0.894532
vt 0.796875 0.894531
vt 0.790158 0.898438
vt 0.328125 0.164062
vt 0.117188 0.148438
vt 0.328125 0.148438
vt 0.328125 0.179688
vt 0.117188 0.164062
vt 0.328125 0.195312
vt 0.117188 0.179688
vt 0.328125 0.210938
vt 0.117188 0.195312
vt 0.328125 0.226562
vt 0.117188 0.210938
vt 0.328125 0.242188
vt 0.117188 0.226562
vt 0.324219 0.273438
vt 0.265625 0.257812
vt 0.269812 0.273438
vt 0.312500 0.285156
vt 0.269531 0.273438
vt 0.281250 0.285156
vt 0.296875 0.289062
vt 0.328125 0.250000
vt 0.117188 0.242188
vt 0.328125 0.257812
vt 0.117188 0.140625
vt 0.112305 0.812500
vt 0.107422 0.832031
vt 0.102539 0.812500
vt 0.092773 0.812500
vt 0.087891 0.832031
vt 0.083008 0.812500
vt 0.073242 0.812500
vt 0.068359 0.832031
vt 0.063477 0.812500
vt 0.053711 0.812500
vt 0.048828 0.832031
vt 0.043945 0.812500
vt 0.034180 0.812500
vt 0.029297 0.832031
vt 0.024414 0.812500
vt 0.014648 0.812500
vt 0.009766 0.832031
vt 0.004883 0.812500
vt 0.229492 0.812500
vt 0.224609 0.832031
vt 0.219727 0.812500
vt 0.209961 0.812500
vt 0.205078 0.832031
vt 0.200195 0.812500
vt 0.190430 0.812500
vt 0.185547 0.832031
vt 0.180664 0.812500
vt 0.170898 0.812500
vt 0.166016 0.832031
vt 0.161133 0.812500
vt 0.151367 0.812500
vt 0.146484 0.832031
vt 0.141602 0.812500
vt 0.131836 0.812500
vt 0.126953 0.832031
vt 0.122070 0.812500
vt 0.097656 0.785156
vt 0.117188 0.609375
vt 0.117188 0.785156
vt 0.078125 0.785156
vt 0.097656 0.609375
vt 0.058594 0.785156
vt 0.078125 0.609375
vt 0.039062 0.785156
vt 0.058594 0.609375
vt 0.019531 0.785156
vt 0.039062 0.609375
vt 0.000000 0.785156
vt 0.019531 0.609375
vt 0.214844 0.785156
vt 0.234375 0.609375
vt 0.234375 0.785156
vt 0.195312 0.785156
vt 0.214844 0.609375
vt 0.175781 0.785156
vt 0.195312 0.609375
vt 0.156250 0.785156
vt 0.175781 0.609375
vt 0.136719 0.785156
vt 0.156250 0.609375
vt 0.136719 0.609375
vt 0.021484 0.601562
vt 0.035156 0.591797
vt 0.037109 0.601562
vt 0.115879 0.796875
vt 0.102520 0.812500
vt 0.115859 0.796875
vt 0.112285 0.812500
vt 0.096348 0.796875
vt 0.092754 0.812500
vt 0.079414 0.796875
vt 0.096328 0.796875
vt 0.059902 0.796875
vt 0.076817 0.796875
vt 0.073223 0.812500
vt 0.059883 0.796875
vt 0.076797 0.796875
vt 0.057266 0.796875
vt 0.043926 0.812500
vt 0.040352 0.796875
vt 0.057286 0.796875
vt 0.024395 0.812500
vt 0.037734 0.796875
vt 0.034160 0.812500
vt 0.020840 0.796875
vt 0.014629 0.812500
vt 0.001289 0.796875
vt 0.018203 0.796875
vt 0.001308 0.796875
vt 0.018223 0.796875
vt 0.219707 0.812500
vt 0.233047 0.796875
vt 0.229473 0.812500
vt 0.233066 0.796875
vt 0.209941 0.812500
vt 0.196602 0.796875
vt 0.213516 0.796875
vt 0.213536 0.796875
vt 0.190410 0.812500
vt 0.177070 0.796875
vt 0.193984 0.796875
vt 0.177090 0.796875
vt 0.194004 0.796875
vt 0.174473 0.796875
vt 0.161114 0.812500
vt 0.174453 0.796875
vt 0.170879 0.812500
vt 0.138027 0.796875
vt 0.154941 0.796875
vt 0.151348 0.812500
vt 0.138008 0.796875
vt 0.154922 0.796875
vt 0.118496 0.796875
vt 0.135411 0.796875
vt 0.131816 0.812500
vt 0.118477 0.796875
vt 0.135391 0.796875
vt 0.099609 0.601562
vt 0.115234 0.601563
vt 0.095703 0.601562
vt 0.080078 0.601563
vt 0.060547 0.601562
vt 0.041016 0.601562
vt 0.056641 0.601563
vt 0.021485 0.601562
vt 0.001953 0.601563
vt 0.017578 0.601562
vt 0.232422 0.601563
vt 0.216797 0.601562
vt 0.212890 0.601562
vt 0.197265 0.601563
vt 0.193359 0.601562
vt 0.177734 0.601562
vt 0.158203 0.601562
vt 0.138672 0.601562
vt 0.134766 0.601562
vt 0.119141 0.601562
vt 0.132813 0.591797
vt 0.080078 0.601562
vt 0.093750 0.591797
vt 0.095703 0.601562
vt 0.179688 0.591797
vt 0.003906 0.591797
vt 0.001953 0.601562
vt 0.076172 0.601562
vt 0.062500 0.591797
vt 0.074219 0.591797
vt 0.171875 0.591797
vt 0.173828 0.601562
vt 0.230469 0.591797
vt 0.041016 0.601562
vt 0.054688 0.591797
vt 0.056641 0.601562
vt 0.138672 0.601562
vt 0.152344 0.591797
vt 0.154297 0.601562
vt 0.101563 0.591797
vt 0.113281 0.591797
vt 0.212891 0.601562
vt 0.199219 0.591797
vt 0.210938 0.591797
vt 0.105469 0.586704
vt 0.117188 0.566406
vt 0.117188 0.589844
vt 0.128906 0.586704
vt 0.137485 0.578125
vt 0.140625 0.566406
vt 0.137485 0.554688
vt 0.128906 0.546109
vt 0.117188 0.542969
vt 0.105469 0.546109
vt 0.096890 0.554688
vt 0.093750 0.566406
vt 0.096890 0.578125
vt 0.332031 0.578125
vt 0.328125 0.591797
vt 0.324219 0.578125
vt 0.316406 0.578125
vt 0.312500 0.591797
vt 0.308594 0.578125
vt 0.300781 0.578125
vt 0.296875 0.591797
vt 0.292969 0.578125
vt 0.285156 0.578125
vt 0.281250 0.591797
vt 0.277344 0.578125
vt 0.269531 0.578125
vt 0.265625 0.591797
vt 0.261719 0.578125
vt 0.253906 0.578125
vt 0.250000 0.591797
vt 0.246094 0.578125
vt 0.425781 0.578125
vt 0.421875 0.591797
vt 0.417969 0.578125
vt 0.410156 0.578125
vt 0.406250 0.591797
vt 0.402344 0.578125
vt 0.394531 0.578125
vt 0.390625 0.591797
vt 0.386719 0.578125
vt 0.378906 0.578125
vt 0.375000 0.591797
vt 0.371094 0.578125
vt 0.363281 0.578125
vt 0.359375 0.591797
vt 0.355469 0.578125
vt 0.347656 0.578125
vt 0.343750 0.591797
vt 0.339844 0.578125
vt 0.320312 0.554688
vt 0.335938 0.398438
vt 0.335938 0.554688
vt 0.304688 0.554688
vt 0.320312 0.398438
vt 0.289062 0.554688
vt 0.304688 0.398438
vt 0.273438 0.554688
vt 0.289062 0.398438
vt 0.257812 0.554688
vt 0.273438 0.398438
vt 0.242188 0.554688
vt 0.257812 0.398438
vt 0.414062 0.554688
vt 0.429688 0.398438
vt 0.429688 0.554688
vt 0.398438 0.554688
vt 0.414062 0.398438
vt 0.382812 0.554688
vt 0.398438 0.398438
vt 0.367188 0.554688
vt 0.382812 0.398438
vt 0.351562 0.554688
vt 0.367188 0.398438
vt 0.351562 0.398438
vt 0.259375 0.390625
vt 0.270312 0.382812
vt 0.271875 0.390625
vt 0.334891 0.566406
vt 0.332016 0.578125
vt 0.321387 0.566406
vt 0.334863 0.566406
vt 0.319266 0.566406
vt 0.316391 0.578125
vt 0.305762 0.566406
vt 0.319238 0.566406
vt 0.290109 0.566406
vt 0.303641 0.566406
vt 0.300765 0.578125
vt 0.290137 0.566406
vt 0.303613 0.566406
vt 0.287988 0.566406
vt 0.277360 0.578125
vt 0.274512 0.566406
vt 0.288016 0.566406
vt 0.261734 0.578125
vt 0.272363 0.566406
vt 0.269516 0.578125
vt 0.258859 0.566406
vt 0.253891 0.578125
vt 0.243262 0.566406
vt 0.256738 0.566406
vt 0.243234 0.566406
vt 0.256766 0.566406
vt 0.417984 0.578125
vt 0.428613 0.566406
vt 0.425766 0.578125
vt 0.428641 0.566406
vt 0.410141 0.578125
vt 0.399512 0.566406
vt 0.412988 0.566406
vt 0.413016 0.566406
vt 0.394515 0.578125
vt 0.383887 0.566406
vt 0.397363 0.566406
vt 0.383859 0.566406
vt 0.397391 0.566406
vt 0.381766 0.566406
vt 0.371110 0.578125
vt 0.381738 0.566406
vt 0.378890 0.578125
vt 0.352609 0.566406
vt 0.366141 0.566406
vt 0.363266 0.578125
vt 0.352637 0.566406
vt 0.366113 0.566406
vt 0.336984 0.566406
vt 0.350516 0.566406
vt 0.350488 0.566406
vt 0.339859 0.578125
vt 0.337012 0.566406
vt 0.334375 0.390625
vt 0.321875 0.390625
vt 0.306250 0.390625
vt 0.318750 0.390625
vt 0.303125 0.390625
vt 0.275000 0.390625
vt 0.287500 0.390625
vt 0.271875 0.390625
vt 0.242188 0.398438
vt 0.256250 0.390625
vt 0.243750 0.390625
vt 0.415625 0.390625
vt 0.428125 0.390625
vt 0.400000 0.390625
vt 0.412500 0.390625
vt 0.384375 0.390625
vt 0.396875 0.390625
vt 0.381250 0.390625
vt 0.365625 0.390625
vt 0.337500 0.390625
vt 0.350000 0.390625
vt 0.337500 0.390625
vt 0.348438 0.382812
vt 0.350000 0.390625
vt 0.306250 0.390625
vt 0.317188 0.382812
vt 0.318750 0.390625
vt 0.385937 0.382812
vt 0.396875 0.390625
vt 0.384375 0.390625
vt 0.245313 0.382812
vt 0.256250 0.390625
vt 0.243750 0.390625
vt 0.303125 0.390625
vt 0.292187 0.382812
vt 0.301562 0.382812
vt 0.368750 0.390625
vt 0.379688 0.382812
vt 0.381250 0.390625
vt 0.415625 0.390625
vt 0.426563 0.382812
vt 0.428125 0.390625
vt 0.275000 0.390625
vt 0.285937 0.382812
vt 0.287500 0.390625
vt 0.353125 0.390625
vt 0.364062 0.382812
vt 0.365625 0.390625
vt 0.334375 0.390625
vt 0.323438 0.382812
vt 0.332812 0.382812
vt 0.412500 0.390625
vt 0.401563 0.382812
vt 0.410937 0.382812
vt 0.249609 0.377489
vt 0.257812 0.363281
vt 0.257812 0.379687
vt 0.266016 0.377489
vt 0.272021 0.371484
vt 0.274219 0.363281
vt 0.272021 0.355078
vt 0.266016 0.349073
vt 0.257812 0.346875
vt 0.249609 0.349073
vt 0.243604 0.355078
vt 0.241406 0.363281
vt 0.243604 0.371484
vt 0.112305 0.523438
vt 0.107422 0.542969
vt 0.102539 0.523438
vt 0.092773 0.523438
vt 0.087891 0.542969
vt 0.083008 0.523438
vt 0.073242 0.523438
vt 0.068359 0.542969
vt 0.063477 0.523438
vt 0.053711 0.523438
vt 0.048828 0.542969
vt 0.043945 0.523438
vt 0.034180 0.523438
vt 0.029297 0.542969
vt 0.024414 0.523438
vt 0.014648 0.523438
vt 0.009766 0.542969
vt 0.004883 0.523438
vt 0.229492 0.523438
vt 0.224609 0.542969
vt 0.219727 0.523438
vt 0.209961 0.523438
vt 0.205078 0.542969
vt 0.200195 0.523438
vt 0.190430 0.523438
vt 0.185547 0.542969
vt 0.180664 0.523438
vt 0.170898 0.523438
vt 0.166016 0.542969
vt 0.161133 0.523438
vt 0.151367 0.523438
vt 0.146484 0.542969
vt 0.141602 0.523438
vt 0.131836 0.523438
vt 0.126953 0.542969
vt 0.122070 0.523438
vt 0.097656 0.496094
vt 0.117188 0.320312
vt 0.117188 0.496094
vt 0.078125 0.496094
vt 0.097656 0.320312
vt 0.058594 0.496094
vt 0.078125 0.320312
vt 0.039062 0.496094
vt 0.058594 0.320312
vt 0.019531 0.496094
vt 0.039062 0.320312
vt 0.000000 0.496094
vt 0.019531 0.320312
vt 0.214844 0.496094
vt 0.234375 0.320312
vt 0.234375 0.496094
vt 0.195312 0.496094
vt 0.214844 0.320312
vt 0.175781 0.496094
vt 0.195312 0.320312
vt 0.156250 0.496094
vt 0.175781 0.320312
vt 0.136719 0.496094
vt 0.156250 0.320312
vt 0.136719 0.320312
vt 0.021484 0.312500
vt 0.035156 0.300781
vt 0.037109 0.312500
vt 0.115879 0.507812
vt 0.112285 0.523438
vt 0.098945 0.507812
vt 0.115859 0.507812
vt 0.096348 0.507812
vt 0.092754 0.523438
vt 0.079414 0.507812
vt 0.096328 0.507812
vt 0.059902 0.507812
vt 0.076817 0.507812
vt 0.073223 0.523438
vt 0.059883 0.507812
vt 0.076797 0.507812
vt 0.057266 0.507812
vt 0.043926 0.523438
vt 0.040352 0.507812
vt 0.057286 0.507812
vt 0.024395 0.523438
vt 0.037734 0.507812
vt 0.034160 0.523438
vt 0.020840 0.507812
vt 0.014629 0.523438
vt 0.001289 0.507812
vt 0.018203 0.507812
vt 0.001308 0.507812
vt 0.018223 0.507812
vt 0.219707 0.523438
vt 0.233047 0.507812
vt 0.229473 0.523438
vt 0.233066 0.507812
vt 0.209941 0.523438
vt 0.196602 0.507812
vt 0.213516 0.507812
vt 0.213536 0.507812
vt 0.190410 0.523438
vt 0.177070 0.507812
vt 0.193984 0.507812
vt 0.177090 0.507812
vt 0.194004 0.507812
vt 0.174473 0.507812
vt 0.161114 0.523438
vt 0.174453 0.507812
vt 0.170879 0.523438
vt 0.138027 0.507812
vt 0.154941 0.507812
vt 0.151348 0.523438
vt 0.138008 0.507812
vt 0.154922 0.507812
vt 0.118496 0.507812
vt 0.135411 0.507812
vt 0.135391 0.507812
vt 0.122051 0.523438
vt 0.118477 0.507812
vt 0.099609 0.312500
vt 0.115234 0.312500
vt 0.095703 0.312500
vt 0.080078 0.312500
vt 0.060547 0.312500
vt 0.056641 0.312500
vt 0.041016 0.312500
vt 0.021485 0.312500
vt 0.001953 0.312500
vt 0.017578 0.312500
vt 0.232422 0.312500
vt 0.216797 0.312500
vt 0.212890 0.312500
vt 0.197265 0.312500
vt 0.193359 0.312500
vt 0.177734 0.312500
vt 0.158203 0.312500
vt 0.138672 0.312500
vt 0.134766 0.312500
vt 0.119141 0.312500
vt 0.132813 0.300781
vt 0.080078 0.312500
vt 0.093750 0.300781
vt 0.095703 0.312500
vt 0.179688 0.300781
vt 0.003906 0.300781
vt 0.001953 0.312500
vt 0.076172 0.312500
vt 0.062500 0.300781
vt 0.074219 0.300781
vt 0.171875 0.300782
vt 0.173828 0.312500
vt 0.230469 0.300781
vt 0.054688 0.300781
vt 0.056641 0.312500
vt 0.138672 0.312500
vt 0.152344 0.300781
vt 0.154297 0.312500
vt 0.101563 0.300781
vt 0.113281 0.300781
vt 0.212891 0.312500
vt 0.199219 0.300781
vt 0.210938 0.300781
vt 0.105469 0.297641
vt 0.117188 0.277344
vt 0.117188 0.300781
vt 0.128906 0.297641
vt 0.137485 0.289062
vt 0.140625 0.277344
vt 0.137485 0.265625
vt 0.128906 0.257046
vt 0.117188 0.253906
vt 0.105469 0.257046
vt 0.096890 0.265625
vt 0.093750 0.277344
vt 0.096890 0.289062
vt 0.051758 0.281250
vt 0.032108 0.257812
vt 0.053809 0.273438
vt 0.045910 0.250000
vt 0.047969 0.242188
vt 0.032129 0.273438
vt 0.036251 0.242188
vt 0.034192 0.250000
vt 0.031250 0.265626
vt 0.040039 0.281250
vt 0.028320 0.281250
vt 0.008671 0.257812
vt 0.030371 0.273438
vt 0.022473 0.250000
vt 0.024532 0.242188
vt 0.008691 0.273438
vt 0.012814 0.242188
vt 0.010755 0.250000
vt 0.007812 0.265626
vt 0.016602 0.281250
vt 0.019531 0.992188
vt 0.097656 0.976562
vt 0.064062 0.199219
vt 0.071731 0.222656
vt 0.042969 0.066406
vt 0.050637 0.089844
vt 0.071731 0.089844
vt 0.000000 0.066406
vt 0.007669 0.089844
vt 0.028762 0.089844
vt 0.000000 0.199219
vt 0.007669 0.222656
vt 0.028762 0.222656
vt 0.042969 0.132812
vt 0.050637 0.156250
vt 0.071731 0.156250
vt 0.000000 0.132812
vt 0.007669 0.156250
vt 0.028762 0.156250
vt 0.382812 0.183592
vt 0.382812 0.214844
vt 0.406250 0.218747
vt 0.382812 0.230467
vt 0.382812 0.261719
vt 0.406250 0.249997
vt 0.406250 0.265622
vt 0.382812 0.136717
vt 0.382812 0.167969
vt 0.406250 0.171872
vt 0.382812 0.324217
vt 0.382812 0.355469
vt 0.406250 0.359372
vt 0.382812 0.277342
vt 0.382812 0.308594
vt 0.406250 0.296872
vt 0.406250 0.312497
vt 0.417969 0.843750
vt 0.417969 0.890625
vt 0.000000 0.843750
vt 0.000000 0.902344
vt 0.578125 0.527344
vt 0.609375 0.523438
vt 0.578125 0.503906
vt 0.609375 0.500000
vt 0.578125 0.480469
vt 0.609375 0.476562
vt 0.468750 0.554688
vt 0.476562 0.562500
vt 0.492188 0.531250
vt 0.500000 0.539062
vt 0.500000 0.554688
vt 0.492188 0.562500
vt 0.500000 0.585938
vt 0.507812 0.593750
vt 0.507812 0.562500
vt 0.500000 0.570312
vt 0.531250 0.585938
vt 0.523438 0.593750
vt 0.507812 0.531250
vt 0.531250 0.554688
vt 0.523438 0.562500
vt 0.492188 0.593750
vt 0.468750 0.585938
vt 0.476562 0.593750
vt 0.523438 0.484375
vt 0.507812 0.500000
vt 0.523438 0.515625
vt 0.523438 0.500000
vt 0.554688 0.375000
vt 0.484375 0.476562
vt 0.484375 0.492188
vt 0.492188 0.500000
vt 0.484375 0.523438
vt 0.484375 0.507812
vt 0.031250 0.000000
vt 0.328125 0.039062
vt 0.328125 0.109375
vt 0.316406 0.101562
vt 0.710938 0.554688
vt 0.710938 0.320312
vt 0.937500 0.750000
vt 0.687500 0.601562
vt 1.000000 0.710938
vt 0.574219 0.386719
vt 0.574219 0.457112
vt 0.574476 0.253812
vt 0.589586 0.457126
vt 0.589844 0.324219
vt 0.589844 0.253825
vt 0.597656 0.324219
vt 0.597656 0.457112
vt 0.597914 0.253812
vt 0.613024 0.457126
vt 0.613281 0.386719
vt 0.613281 0.253825
vt 0.652344 0.445312
vt 0.695312 0.492187
vt 0.691406 0.500000
vt 0.648438 0.488281
vt 0.691406 0.445312
vt 0.703125 0.453125
vt 0.421875 0.078125
vt 0.952148 0.835938
vt 0.766602 0.835937
vt 0.795898 0.835937
vt 0.797852 0.835938
vt 0.827148 0.835938
vt 0.829102 0.835938
vt 0.858398 0.835938
vt 0.860352 0.835937
vt 0.889648 0.835937
vt 0.891602 0.835938
vt 0.920898 0.835938
vt 0.922852 0.835938
vt 0.827148 0.820312
vt 0.829102 0.820312
vt 0.858398 0.820312
vt 0.860352 0.820313
vt 0.889648 0.820313
vt 0.891602 0.820312
vt 0.920898 0.820312
vt 0.922852 0.820312
vt 0.952148 0.820312
vt 0.766602 0.820313
vt 0.795898 0.820313
vt 0.797852 0.820312
vt 0.952148 0.875000
vt 0.766602 0.875000
vt 0.795898 0.875000
vt 0.797852 0.875000
vt 0.827148 0.875000
vt 0.829102 0.875000
vt 0.858398 0.875000
vt 0.860352 0.875000
vt 0.889648 0.875000
vt 0.891602 0.875000
vt 0.920898 0.875000
vt 0.922852 0.875000
vt 0.827148 0.859375
vt 0.829102 0.859375
vt 0.860352 0.859375
vt 0.889648 0.859375
vt 0.920898 0.859375
vt 0.922852 0.859375
vt 0.766602 0.859375
vt 0.795898 0.859375
vt 0.855469 0.859375
vt 0.847656 0.859375
vt 0.808594 0.859375
vt 0.800781 0.859375
vt 0.949219 0.859375
vt 0.902344 0.859375
vt 0.894531 0.859375
vt 0.860440 1.000000
vt 0.905185 0.999999
vt 0.907316 1.000000
vt 0.952060 1.000000
vt 0.954190 1.000000
vt 0.998935 1.000000
vt 0.719815 1.000000
vt 0.764560 1.000000
vt 0.766691 1.000000
vt 0.811435 1.000000
vt 0.813565 1.000000
vt 0.858310 1.000000
vt 0.998934 0.984375
vt 0.954190 0.984375
vt 0.952060 0.984375
vt 0.907315 0.984375
vt 0.905185 0.984375
vt 0.860440 0.984375
vt 0.858309 0.984375
vt 0.813565 0.984375
vt 0.811435 0.984375
vt 0.766690 0.984375
vt 0.764560 0.984375
vt 0.719815 0.984375
vt 0.787997 0.945312
vt 0.743253 0.945312
vt 0.741122 0.945312
vt 0.977628 0.945312
vt 0.975497 0.945312
vt 0.930753 0.945312
vt 0.928622 0.945312
vt 0.883878 0.945312
vt 0.881747 0.945312
vt 0.837003 0.945312
vt 0.834872 0.945312
vt 0.790128 0.945312
vt 0.975497 0.960938
vt 0.998935 0.960938
vt 0.743253 0.960938
vt 0.834872 0.960938
vt 0.837003 0.960938
vt 0.883878 0.960938
vt 1.000000 0.984375
vt 0.734375 0.960937
vt 0.726562 0.960938
vt 0.875000 0.960937
vt 0.867188 0.960938
vt 0.929688 0.960938
vt 0.937500 0.960937
vt 0.945312 0.960938
vt 0.804688 0.960938
vt 0.796875 0.960937
vt 0.860440 0.937500
vt 0.905185 0.937499
vt 0.907316 0.937500
vt 0.952060 0.937500
vt 0.954190 0.937500
vt 0.998935 0.937500
vt 0.719815 0.937500
vt 0.764560 0.937500
vt 0.766691 0.937500
vt 0.811435 0.937500
vt 0.813565 0.937500
vt 0.858310 0.937500
vt 0.998934 0.921875
vt 0.954190 0.921875
vt 0.952060 0.921875
vt 0.907315 0.921875
vt 0.905185 0.921875
vt 0.860440 0.921875
vt 0.858309 0.921875
vt 0.813565 0.921875
vt 0.811435 0.921875
vt 0.766690 0.921875
vt 0.764560 0.921875
vt 0.719815 0.921875
vt 0.787997 0.882812
vt 0.743253 0.882812
vt 0.741122 0.882812
vt 0.977628 0.882812
vt 0.975497 0.882812
vt 0.930753 0.882812
vt 0.928622 0.882812
vt 0.883878 0.882812
vt 0.881747 0.882812
vt 0.837003 0.882812
vt 0.834872 0.882812
vt 0.790128 0.882812
vt 0.975497 0.898438
vt 0.998935 0.898438
vt 0.743253 0.898438
vt 0.834872 0.898438
vt 0.837003 0.898438
vt 0.883878 0.898438
vt 1.000000 0.921875
vt 0.734375 0.898437
vt 0.726562 0.898438
vt 0.875000 0.898437
vt 0.867188 0.898438
vt 0.937500 0.898437
vt 0.945312 0.898438
vt 0.804688 0.898438
vt 0.796875 0.898437
vt 0.117188 0.250000
vt 0.265625 0.250000
vt 0.000000 0.609375
vt 0.023438 0.591797
vt 0.098965 0.796875
vt 0.098945 0.796875
vt 0.079433 0.796875
vt 0.082989 0.812500
vt 0.063457 0.812500
vt 0.053691 0.812500
vt 0.040371 0.796875
vt 0.020820 0.796875
vt 0.037754 0.796875
vt 0.004863 0.812500
vt 0.216133 0.796875
vt 0.216152 0.796875
vt 0.200176 0.812500
vt 0.196621 0.796875
vt 0.180644 0.812500
vt 0.157559 0.796875
vt 0.157539 0.796875
vt 0.141582 0.812500
vt 0.122051 0.812500
vt 0.037110 0.601563
vt 0.154297 0.601563
vt 0.121094 0.591797
vt 0.082031 0.591797
vt 0.191406 0.591797
vt 0.015625 0.591797
vt 0.060547 0.601562
vt 0.160156 0.591797
vt 0.218750 0.591797
vt 0.042969 0.591797
vt 0.140625 0.591797
vt 0.197266 0.601562
vt 0.260938 0.382812
vt 0.321359 0.566406
vt 0.324234 0.578125
vt 0.305734 0.566406
vt 0.308609 0.578125
vt 0.292984 0.578125
vt 0.285141 0.578125
vt 0.274484 0.566406
vt 0.258887 0.566406
vt 0.272391 0.566406
vt 0.246109 0.578125
vt 0.415137 0.566406
vt 0.415109 0.566406
vt 0.402359 0.578125
vt 0.399484 0.566406
vt 0.386735 0.578125
vt 0.368234 0.566406
vt 0.368262 0.566406
vt 0.355484 0.578125
vt 0.347641 0.578125
vt 0.290625 0.390625
vt 0.259375 0.390625
vt 0.368750 0.390625
vt 0.353125 0.390625
vt 0.339063 0.382812
vt 0.307812 0.382812
vt 0.395312 0.382812
vt 0.254688 0.382812
vt 0.290625 0.390625
vt 0.370313 0.382812
vt 0.417187 0.382812
vt 0.276563 0.382812
vt 0.354687 0.382812
vt 0.321875 0.390625
vt 0.400000 0.390625
vt 0.000000 0.320312
vt 0.023438 0.300781
vt 0.098965 0.507812
vt 0.102520 0.523438
vt 0.079433 0.507812
vt 0.082989 0.523438
vt 0.063457 0.523438
vt 0.053691 0.523438
vt 0.040371 0.507812
vt 0.020820 0.507812
vt 0.037754 0.507812
vt 0.004863 0.523438
vt 0.216133 0.507812
vt 0.216152 0.507812
vt 0.200176 0.523438
vt 0.196621 0.507812
vt 0.180644 0.523438
vt 0.157559 0.507812
vt 0.157539 0.507812
vt 0.141582 0.523438
vt 0.131816 0.523438
vt 0.037110 0.312500
vt 0.154297 0.312500
vt 0.121094 0.300781
vt 0.082031 0.300781
vt 0.191406 0.300781
vt 0.015625 0.300781
vt 0.060547 0.312500
vt 0.160156 0.300781
vt 0.218750 0.300781
vt 0.042969 0.300781
vt 0.140625 0.300781
vt 0.197266 0.312500
s 0
usemtl m_7a8b2336-cfbe-dcaf-ec8a-7d23e136e161
f 3/1/1 12/2/2 18/3/3
f 7/4/4 5/5/5 4/6/6
f 9/7/7 8/8/8 10/9/9
f 6/10/10 8/11/11 11/12/12
f 13/13/13 22/14/14 5/15/15
f 14/16/16 6/17/17 11/18/18
f 12/19/19 2/20/20 14/21/21
f 4/22/22 3/23/23 7/24/24
f 8/11/25 22/25/26 15/26/27
f 16/27/28 13/28/29 17/29/29
f 3/30/30 7/31/31 20/32/32
f 18/33/33 14/34/34 19/35/20
f 19/36/16 11/37/35 9/38/36
f 10/9/37 15/39/27 16/40/38
f 20/41/39 13/42/5 7/43/31
f 3/44/40 1/45/41 12/46/42
f 25/47/43 34/48/44 40/49/45
f 29/50/46 27/51/47 26/52/48
f 31/53/49 30/54/50 32/55/51
f 28/56/52 30/57/53 33/58/54
f 35/59/55 44/60/56 27/61/57
f 36/62/58 28/63/59 33/64/60
f 34/65/61 24/66/62 36/67/63
f 26/68/64 25/69/65 29/70/66
f 30/57/67 44/71/68 37/72/69
f 38/73/70 35/74/71 39/75/71
f 25/76/72 29/77/73 42/78/74
f 40/79/75 36/80/76 41/81/62
f 41/82/58 33/83/77 31/84/78
f 32/55/79 37/85/80 38/86/81
f 42/87/82 35/88/47 29/89/73
f 25/90/83 23/91/84 34/92/85
f 53/93/86 47/94/87 46/95/86
f 55/96/88 46/95/89 45/97/88
f 56/98/90 45/97/57 49/99/90
f 57/100/91 49/99/92 50/101/91
f 51/102/93 57/103/94 50/104/94
f 59/105/95 51/102/96 52/106/95
f 60/107/97 52/106/63 48/108/97
f 54/109/98 48/108/99 47/94/100
f 62/110/101 71/111/102 70/112/103
f 64/113/104 70/114/105 69/115/16
f 65/116/106 69/117/34 73/114/106
f 66/118/107 73/119/108 74/120/109
f 61/119/110 66/121/111 74/122/111
f 67/123/112 61/124/113 75/117/5
f 68/125/114 75/120/29 72/124/114
f 63/121/115 72/112/116 71/122/115
f 78/116/117 87/101/47 86/99/118
f 80/123/104 86/99/119 85/97/21
f 81/125/120 85/97/121 89/95/122
f 82/118/123 89/95/124 90/94/76
f 77/108/125 82/118/58 90/94/126
f 83/121/127 77/108/128 91/106/15
f 84/110/129 91/106/130 88/102/131
f 79/126/132 88/102/133 87/104/71
f 99/127/134 97/128/115 96/129/134
f 98/130/135 100/131/136 101/132/135
f 103/133/137 107/134/138 97/135/100
f 104/136/139 98/130/140 101/132/140
f 102/137/141 94/138/142 104/136/91
f 96/139/143 95/140/144 99/141/143
f 100/131/145 107/134/146 105/142/146
f 95/143/147 93/144/148 102/145/148
f 110/146/43 119/147/85 125/148/45
f 114/149/46 112/150/47 111/151/48
f 116/152/49 115/153/50 117/154/51
f 113/155/52 115/156/53 118/157/54
f 120/158/57 129/159/56 112/160/57
f 121/161/58 113/155/59 118/157/60
f 119/162/61 109/163/63 121/161/63
f 111/164/64 110/165/65 114/166/66
f 115/156/67 129/159/68 122/167/69
f 123/168/70 120/169/71 124/170/71
f 110/171/83 114/172/73 127/173/74
f 125/174/75 121/175/76 126/176/62
f 126/176/58 118/177/77 116/152/78
f 117/154/79 122/178/80 123/168/81
f 127/179/82 120/169/47 114/180/73
f 110/181/83 108/182/149 119/183/85
f 132/184/150 141/185/151 147/186/152
f 136/187/153 134/188/154 133/189/155
f 138/190/156 137/191/157 139/192/158
f 135/193/159 137/194/160 140/195/161
f 142/196/162 151/197/163 134/198/164
f 143/199/165 135/193/166 140/195/167
f 141/200/168 131/201/169 143/199/170
f 133/202/171 132/203/172 136/204/173
f 137/194/174 151/197/175 144/205/176
f 145/206/177 142/207/122 146/208/178
f 132/209/172 136/210/179 149/211/180
f 147/212/181 143/213/131 148/214/182
f 148/214/133 140/215/183 138/190/184
f 139/192/185 144/216/176 145/206/186
f 149/217/187 142/207/154 136/218/179
f 132/219/172 130/220/188 141/221/151
f 154/222/1 163/223/42 169/224/3
f 158/225/4 156/226/5 155/227/6
f 160/228/7 159/229/8 161/230/9
f 157/231/10 159/232/11 162/233/12
f 164/234/13 173/235/14 156/236/15
f 165/237/16 157/231/17 162/233/18
f 163/238/19 153/239/20 165/237/21
f 155/227/22 154/240/23 158/241/24
f 159/232/25 173/235/26 166/242/27
f 167/243/28 164/244/29 168/245/29
f 154/246/30 158/247/31 171/248/32
f 169/249/33 165/250/34 170/251/20
f 170/251/16 162/252/35 160/228/36
f 161/230/37 166/253/27 167/243/38
f 171/254/39 164/244/5 158/255/31
f 154/256/40 152/257/41 163/258/42
f 176/259/189 185/260/190 191/261/191
f 180/262/192 178/263/100 177/264/193
f 182/265/194 181/266/195 183/267/196
f 179/268/197 181/269/198 184/270/199
f 186/271/137 195/272/200 178/273/102
f 187/274/91 179/268/201 184/270/202
f 185/275/203 175/276/204 187/274/111
f 177/277/205 176/278/206 180/279/207
f 181/269/208 195/272/209 188/280/210
f 189/281/211 186/282/212 190/283/212
f 176/284/213 180/285/214 193/286/215
f 191/287/216 187/288/94 192/289/204
f 192/289/91 184/290/217 182/265/218
f 183/267/219 188/291/210 189/281/220
f 193/292/221 186/282/100 180/293/214
f 176/294/189 174/295/222 185/296/190
f 198/297/1 207/298/42 213/299/3
f 202/300/4 200/301/5 199/302/6
f 204/303/7 203/304/8 205/305/9
f 201/306/10 203/307/11 206/308/12
f 208/309/15 217/310/14 200/311/15
f 209/312/16 201/306/17 206/308/18
f 207/313/19 197/314/20 209/312/21
f 199/315/22 198/316/23 202/317/24
f 203/307/25 217/310/26 210/318/27
f 211/319/28 208/320/29 212/321/29
f 198/322/30 202/323/31 215/324/32
f 213/325/33 209/326/34 214/327/20
f 214/327/16 206/328/35 204/303/36
f 205/305/37 210/329/27 211/319/38
f 215/330/39 208/320/5 202/331/31
f 198/332/40 196/333/41 207/334/42
f 219/117/118 228/335/47 227/336/118
f 221/124/21 227/336/223 226/337/21
f 222/120/122 226/337/121 230/338/122
f 223/119/76 230/338/154 231/339/76
f 218/340/224 223/119/58 231/339/58
f 224/112/15 218/340/225 232/341/15
f 225/111/131 232/341/130 229/342/131
f 220/114/71 229/343/133 228/335/71
f 235/344/226 243/345/212 236/346/212
f 234/347/227 242/348/228 235/344/229
f 245/349/230 234/347/231 238/350/230
f 246/351/91 238/350/232 239/352/91
f 247/353/233 239/352/94 240/354/233
f 248/355/234 240/354/235 241/356/234
f 237/357/236 248/358/237 241/359/237
f 236/346/100 249/360/238 237/357/238
f 251/351/118 260/361/47 259/362/118
f 253/349/21 259/362/239 258/363/21
f 254/364/122 258/363/121 262/365/122
f 255/348/123 262/365/124 263/366/76
f 250/367/125 255/348/58 263/366/126
f 256/360/240 250/367/241 264/368/15
f 257/358/131 264/368/130 261/369/131
f 252/353/71 261/370/133 260/361/71
f 275/371/103 268/372/102 276/373/242
f 269/374/16 275/371/105 274/375/16
f 270/376/106 274/375/34 278/377/106
f 271/378/109 278/377/243 279/379/109
f 266/380/244 271/378/111 279/379/111
f 272/381/5 266/380/245 280/382/5
f 273/383/114 280/382/29 277/384/114
f 268/385/115 277/384/116 276/386/115
f 283/363/103 292/378/242 291/387/103
f 285/362/104 291/387/105 290/381/16
f 286/361/106 290/381/34 294/383/106
f 287/370/246 294/383/247 295/385/109
f 282/388/244 287/369/111 295/372/142
f 288/367/5 282/388/248 296/374/5
f 289/366/114 296/374/29 293/376/114
f 284/365/115 293/376/116 292/378/115
f 306/335/86 300/373/212 299/371/86
f 308/336/88 299/371/89 298/375/88
f 309/337/249 298/375/57 302/377/90
f 310/338/91 302/377/250 303/379/91
f 304/380/251 310/338/94 303/379/94
f 312/340/95 304/380/252 305/382/95
f 313/341/97 305/382/63 301/384/97
f 307/342/100 301/384/253 300/386/100
f 322/389/254 325/390/255 330/389/256
f 314/391/257 330/392/258 328/393/259
f 330/394/260 337/395/261 328/396/262
f 325/397/255 338/398/256 330/398/263
f 337/399/264 341/400/265 345/401/266
f 338/402/267 340/403/268 341/402/256
f 315/404/269 320/405/270 318/406/271
f 339/407/5 325/397/272 323/408/130
f 329/409/273 321/410/274 317/411/275
f 318/406/276 326/412/277 316/413/278
f 323/414/5 327/415/279 321/410/5
f 317/411/280 326/412/277 329/409/281
f 322/389/282 327/415/283 325/390/284
f 314/391/285 322/392/256 330/392/286
f 331/416/287 332/417/288 333/418/289
f 326/419/277 334/420/290 329/421/291
f 319/422/121 336/423/292 320/424/293
f 330/394/256 338/394/294 337/395/295
f 325/397/296 324/425/297 338/398/298
f 334/420/299 323/408/15 329/421/273
f 326/426/277 336/423/300 331/427/287
f 324/428/301 343/429/130 340/403/302
f 331/430/287 344/431/303 334/432/304
f 336/433/292 342/434/269 332/417/305
f 337/399/295 338/400/256 341/400/306
f 338/402/307 324/428/308 340/403/309
f 334/432/299 343/429/15 339/435/15
f 335/436/20 328/396/310 337/395/311
f 342/434/21 337/399/311 345/401/312
f 314/391/313 319/437/34 315/404/34
f 354/438/314 357/439/315 362/438/256
f 346/440/316 362/441/317 360/442/318
f 362/443/319 369/444/320 360/445/321
f 357/446/315 370/447/256 362/447/314
f 369/448/320 373/449/322 377/450/323
f 370/451/324 372/452/325 373/451/256
f 350/453/326 351/454/58 352/455/327
f 371/456/47 357/446/328 355/457/88
f 349/458/329 355/459/71 353/460/71
f 350/453/330 358/461/331 348/462/332
f 355/459/47 359/463/333 353/460/47
f 349/458/334 358/461/331 361/464/335
f 354/438/336 359/463/337 357/439/338
f 346/440/339 354/441/256 362/441/340
f 363/465/341 364/466/342 365/467/343
f 358/468/331 366/469/344 361/470/335
f 352/471/345 367/472/58 368/473/346
f 362/443/256 370/443/347 369/444/348
f 357/446/349 356/474/350 370/447/351
f 361/470/352 371/456/71 355/457/57
f 358/475/331 368/473/353 363/476/341
f 356/477/354 375/478/88 372/452/355
f 363/479/341 376/480/356 366/481/357
f 368/482/346 374/483/126 364/466/358
f 369/448/348 370/449/256 373/449/347
f 370/451/359 356/477/360 372/452/361
f 366/481/362 375/478/132 371/484/57
f 367/472/63 360/445/363 369/444/364
f 374/483/63 369/448/364 377/450/365
f 346/440/366 351/454/76 347/485/76
f 386/486/254 389/487/255 394/486/256
f 378/488/257 394/489/258 392/490/259
f 394/491/260 401/492/261 392/493/262
f 389/494/255 402/495/256 394/495/263
f 401/496/264 405/497/265 409/498/266
f 402/499/267 404/500/268 405/499/256
f 379/501/269 384/502/270 382/503/271
f 403/504/5 389/494/272 387/505/130
f 393/506/273 385/507/274 381/508/275
f 382/503/276 390/509/277 380/510/278
f 387/511/5 391/512/279 385/507/5
f 381/508/280 390/509/277 393/506/281
f 386/486/282 391/512/367 389/487/284
f 378/488/285 386/489/256 394/489/286
f 395/513/287 396/514/288 397/515/289
f 390/516/277 398/517/290 393/518/291
f 383/519/121 400/520/292 384/521/293
f 394/491/256 402/491/294 401/492/295
f 389/494/296 388/522/297 402/495/298
f 398/517/299 387/505/15 393/518/273
f 390/523/277 400/520/300 395/524/287
f 388/525/301 407/526/130 404/500/302
f 395/527/287 408/528/303 398/529/304
f 400/530/292 406/531/269 396/514/305
f 401/496/295 402/497/256 405/497/306
f 402/499/307 388/525/308 404/500/309
f 398/529/299 407/526/15 403/532/15
f 399/533/20 392/493/310 401/492/311
f 406/531/21 401/496/311 409/498/312
f 378/488/313 383/534/34 379/501/34
f 418/535/368 421/536/369 426/535/256
f 410/537/330 426/538/370 424/539/371
f 426/540/372 433/541/373 424/542/345
f 421/543/369 434/544/256 426/544/368
f 433/545/353 437/546/374 441/547/375
f 434/548/376 436/549/377 437/548/256
f 411/550/62 416/551/363 414/552/366
f 435/553/71 421/543/378 419/554/57
f 425/555/379 417/556/380 413/557/333
f 414/552/316 422/558/381 412/559/382
f 419/560/71 423/561/329 417/556/71
f 413/557/383 422/558/381 425/555/349
f 418/535/384 423/561/385 421/536/386
f 410/537/387 418/538/256 426/538/388
f 427/562/389 428/563/390 429/564/391
f 422/565/381 430/566/360 425/567/338
f 415/568/63 432/569/364 416/570/321
f 426/540/256 434/540/392 433/541/393
f 421/543/335 420/571/362 434/544/394
f 430/566/350 419/554/88 425/567/379
f 422/572/381 432/569/395 427/573/389
f 420/574/396 439/575/57 436/549/397
f 427/576/389 440/577/398 430/578/399
f 432/579/364 438/580/62 428/563/365
f 433/545/393 434/546/256 437/546/392
f 434/548/400 420/574/344 436/549/401
f 430/578/350 439/575/88 435/581/88
f 431/582/126 424/542/327 433/541/346
f 438/580/95 433/545/346 441/547/358
f 410/537/326 415/583/58 411/550/58
f 450/584/402 453/585/403 458/584/256
f 442/586/404 458/587/405 456/588/406
f 458/589/407 465/590/408 456/591/409
f 453/592/403 466/593/256 458/593/402
f 465/594/408 469/595/410 473/596/411
f 466/597/412 468/598/413 469/597/256
f 443/599/414 448/600/415 446/601/416
f 467/602/58 453/592/417 451/603/63
f 457/604/418 449/605/123 445/606/419
f 446/601/420 454/607/421 444/608/422
f 451/609/58 455/610/423 449/605/58
f 445/606/424 454/607/421 457/604/425
f 450/584/426 455/610/427 453/585/428
f 442/586/429 450/587/256 458/587/430
f 459/611/431 460/612/432 461/613/433
f 454/614/421 462/615/434 457/616/435
f 448/617/436 463/618/47 464/619/437
f 458/589/256 466/589/438 465/590/439
f 453/592/440 452/620/441 466/593/442
f 457/616/418 467/602/76 451/603/95
f 454/621/421 464/619/443 459/622/431
f 452/623/444 471/624/63 468/598/445
f 459/625/431 472/626/446 462/627/447
f 464/628/437 470/629/414 460/612/448
f 465/594/439 466/595/256 469/595/438
f 466/597/449 452/623/450 468/598/451
f 462/627/447 471/624/95 467/630/95
f 463/618/452 456/591/453 465/590/454
f 470/629/88 465/594/454 473/596/455
f 442/586/456 447/631/71 443/599/71
f 475/632/457 484/633/47 483/634/118
f 477/635/104 483/636/223 482/637/21
f 478/638/120 482/637/121 486/639/122
f 479/640/123 486/639/458 487/641/76
f 474/642/224 479/640/58 487/641/126
f 480/643/127 474/642/128 488/644/15
f 481/645/129 488/644/130 485/646/131
f 476/647/132 485/646/133 484/633/71
f 498/648/118 492/649/47 491/650/118
f 500/651/21 491/650/223 490/652/21
f 501/653/122 490/652/121 494/654/122
f 502/655/76 494/654/459 495/656/76
f 496/657/224 502/655/58 495/656/58
f 504/658/15 496/657/128 497/659/15
f 505/660/131 497/659/130 493/661/131
f 499/662/71 493/661/133 492/663/71
f 514/664/86 508/656/212 507/654/86
f 516/665/88 507/654/89 506/652/88
f 517/666/90 506/652/57 510/650/90
f 518/667/91 510/650/92 511/649/91
f 512/661/93 518/668/94 511/663/94
f 520/669/95 512/661/96 513/659/95
f 521/670/97 513/659/63 509/657/97
f 515/671/100 509/657/253 508/656/100
f 530/672/103 524/673/102 523/674/103
f 532/675/16 523/674/105 522/676/16
f 533/677/106 522/676/34 526/678/106
f 534/679/246 526/678/108 527/680/109
f 528/681/244 534/113/111 527/682/111
f 536/683/5 528/681/245 529/684/5
f 537/685/114 529/684/29 525/686/114
f 531/687/115 525/686/460 524/673/115
f 546/666/103 540/679/102 539/677/103
f 548/665/16 539/677/105 538/675/16
f 549/664/106 538/675/34 542/672/106
f 550/671/246 542/672/108 543/687/109
f 544/685/110 550/671/111 543/687/111
f 552/669/5 544/685/113 545/683/5
f 553/688/114 545/683/29 541/689/114
f 547/668/115 541/689/461 540/113/115
f 562/632/86 556/690/212 555/359/86
f 564/635/88 555/691/89 554/692/88
f 565/638/90 554/692/57 558/693/90
f 566/640/142 558/693/462 559/694/91
f 560/695/251 566/640/94 559/694/204
f 568/643/95 560/695/252 561/696/95
f 569/645/97 561/696/63 557/697/97
f 563/647/100 557/697/253 556/690/100
f 578/678/457 572/636/47 571/637/118
f 580/676/21 571/637/223 570/639/21
f 581/674/122 570/639/121 574/641/122
f 582/673/76 574/641/459 575/642/76
f 576/644/224 582/673/126 575/642/58
f 584/684/15 576/644/128 577/646/15
f 585/681/131 577/646/130 573/633/131
f 579/682/71 573/633/463 572/634/71
f 589/698/464 588/699/465 586/700/466
f 591/699/467 587/701/468 589/702/469
f 593/701/470 590/703/471 591/704/472
f 595/705/473 592/706/474 593/703/475
f 597/707/476 594/708/477 595/709/478
f 599/707/479 596/710/480 597/709/481
f 591/711/482 589/712/464 586/713/483
f 586/713/484 601/714/485 599/715/486
f 599/715/487 597/716/476 595/717/488
f 595/717/489 593/718/470 591/711/490
f 586/713/483 595/717/473 591/711/490
f 601/710/485 598/719/491 599/717/492
f 586/700/493 600/720/494 601/698/495
f 600/721/496 588/722/465 587/723/497
f 587/723/497 590/711/498 592/724/499
f 592/724/499 594/704/477 596/725/500
f 596/725/500 598/726/491 600/721/496
f 587/723/501 596/725/480 600/721/494
f 605/727/502 604/728/503 602/729/504
f 607/728/505 603/730/506 605/731/507
f 609/730/508 606/732/509 607/733/510
f 611/734/511 608/735/512 609/732/513
f 613/736/514 610/737/515 611/738/516
f 615/736/517 612/739/518 613/738/519
f 607/740/520 605/741/502 602/742/521
f 602/742/522 617/743/523 615/744/524
f 615/744/525 613/745/514 611/746/526
f 611/746/527 609/747/508 607/740/528
f 602/742/521 611/746/511 607/740/528
f 617/739/523 614/748/529 615/746/530
f 602/729/531 616/749/532 617/727/533
f 616/750/534 604/751/503 603/752/535
f 603/752/535 606/740/536 608/753/537
f 608/753/537 610/733/515 612/754/538
f 612/754/538 614/755/529 616/750/534
f 603/752/539 612/754/518 616/750/532
f 621/756/502 620/757/503 618/758/504
f 623/757/505 619/759/506 621/760/507
f 625/759/508 622/761/509 623/762/510
f 627/763/511 624/764/512 625/761/513
f 629/765/514 626/766/515 627/767/516
f 631/765/517 628/768/518 629/767/519
f 623/769/520 621/770/502 618/771/521
f 618/771/522 633/772/523 631/773/524
f 631/773/525 629/774/514 627/775/526
f 627/775/527 625/776/508 623/769/528
f 618/771/521 627/775/511 623/769/528
f 633/768/523 630/777/529 631/775/530
f 618/758/531 632/778/532 633/756/533
f 632/779/534 620/780/503 619/781/535
f 619/781/535 622/769/536 624/782/537
f 624/782/537 626/762/515 628/783/538
f 628/783/538 630/784/529 632/779/534
f 619/781/539 628/783/518 632/779/532
f 634/785/540 636/786/540 646/787/540
f 634/788/541 639/789/541 635/790/541
f 634/791/542 637/792/542 638/789/542
f 634/793/543 641/794/543 640/792/543
f 634/795/544 643/796/544 642/797/544
f 634/798/545 645/799/545 644/800/545
f 655/801/224 660/802/244 651/803/546
f 648/804/547 652/805/548 655/801/549
f 699/806/550 648/805/551 649/807/552
f 650/808/553 699/806/550 649/807/552
f 648/804/554 654/809/555 649/807/556
f 654/809/555 651/810/557 649/807/556
f 651/810/558 657/811/559 649/807/560
f 657/811/559 650/808/561 649/807/560
f 701/805/562 660/812/563 652/802/564
f 661/813/198 653/814/565 662/815/459
f 662/815/566 655/816/567 663/817/549
f 663/817/568 656/818/546 664/819/569
f 664/820/570 654/821/555 661/813/571
f 665/822/572 657/823/573 666/824/574
f 666/825/575 659/826/546 667/827/576
f 667/827/577 660/828/578 668/829/244
f 668/829/563 658/830/553 665/822/579
f 717/831/580 702/832/108 672/833/565
f 675/834/581 702/835/582 673/836/583
f 669/833/558 673/837/561 717/838/571
f 676/839/584 669/840/585 670/837/586
f 671/841/587 676/839/584 670/837/586
f 669/838/588 716/842/137 670/837/577
f 716/842/137 672/840/589 670/837/577
f 672/832/547 704/843/590 670/837/576
f 704/843/590 671/841/548 670/837/576
f 714/844/462 674/845/588 713/846/552
f 713/847/560 676/848/591 711/849/592
f 711/849/593 677/850/564 712/851/594
f 712/851/579 675/852/595 714/844/596
f 688/853/178 693/854/251 681/855/576
f 683/831/597 693/856/598 682/857/572
f 678/858/552 682/856/599 688/853/459
f 684/859/600 678/810/601 679/854/558
f 680/838/602 684/859/600 679/854/558
f 678/810/556 687/860/603 679/854/588
f 687/860/603 681/855/604 679/854/588
f 681/856/586 690/861/605 679/854/546
f 690/861/605 680/838/606 679/854/546
f 694/862/570 686/851/560 695/863/571
f 695/863/198 688/849/458 696/864/459
f 696/864/566 689/847/576 697/865/549
f 697/865/568 687/866/603 694/820/569
f 698/866/583 690/825/607 699/847/608
f 699/816/609 692/822/576 700/814/565
f 700/814/554 693/829/610 701/821/251
f 701/821/611 691/827/602 698/866/553
f 702/848/108 647/867/556 703/825/547
f 703/845/565 684/868/612 704/852/613
f 704/852/614 685/869/615 705/850/616
f 705/850/587 683/870/617 702/848/582
f 721/808/618 714/871/250 709/872/560
f 668/873/50 714/874/596 710/875/615
f 706/872/586 710/873/606 721/812/569
f 666/876/619 706/840/620 707/877/547
f 708/878/579 666/876/619 707/877/547
f 706/840/577 720/879/137 707/877/554
f 720/879/137 709/808/621 707/877/554
f 709/871/552 711/880/622 707/877/565
f 711/880/622 708/878/599 707/877/565
f 807/881/623 735/882/256 727/883/178
f 723/884/553 727/885/459 729/881/624
f 730/886/55 723/887/561 728/888/55
f 730/886/55 725/889/618 724/890/602
f 806/891/139 723/885/625 724/892/615
f 806/891/139 726/893/626 808/894/139
f 732/895/13 726/882/627 724/885/628
f 732/895/13 725/890/569 733/896/13
f 745/858/195 750/897/624 740/898/580
f 736/898/602 740/892/571 800/884/55
f 741/899/13 736/900/606 799/901/615
f 741/899/13 738/893/224 737/902/587
f 744/903/629 736/897/630 737/853/564
f 744/903/629 739/855/631 746/904/579
f 747/905/632 739/892/633 737/897/616
f 747/905/632 738/902/549 748/906/549
f 753/907/634 743/908/602 751/909/618
f 751/909/635 744/910/629 752/911/224
f 752/911/567 746/912/579 754/913/178
f 754/914/458 745/915/198 753/907/580
f 757/883/582 747/916/636 755/917/563
f 755/917/244 748/918/224 756/882/13
f 758/919/624 749/920/572 757/883/108
f 811/921/637 771/922/13 763/923/224
f 759/923/579 763/830/549 765/826/256
f 766/924/638 759/826/599 764/867/572
f 766/924/638 761/925/580 760/923/553
f 810/926/139 759/927/631 760/921/583
f 810/926/139 762/923/630 812/928/139
f 768/929/55 762/887/639 760/925/640
f 768/929/55 761/870/571 769/869/55
f 774/909/595 764/916/579 772/907/598
f 772/907/610 765/918/256 773/914/256
f 775/911/55 766/920/641 774/909/250
f 787/930/182 792/931/55 780/921/618
f 776/801/587 780/932/569 782/930/13
f 783/933/642 776/900/548 781/901/564
f 783/933/642 778/927/178 777/934/579
f 786/935/643 776/804/626 777/801/572
f 786/935/643 779/930/625 788/936/553
f 789/937/644 779/934/645 777/930/594
f 789/937/644 778/921/459 790/938/459
f 795/939/635 785/940/587 793/941/224
f 793/941/567 786/942/643 794/914/178
f 794/844/458 788/943/553 796/846/580
f 796/846/634 787/944/570 795/939/618
f 799/941/602 789/945/646 797/939/598
f 797/939/610 790/845/178 798/846/256
f 800/914/55 791/946/583 799/941/628
f 803/946/582 781/889/587 801/945/563
f 801/945/244 782/947/13 802/845/13
f 804/918/624 783/948/647 803/946/108
f 813/949/578 820/950/569 819/951/13
f 815/952/648 820/950/618 814/953/649
f 818/954/139 815/955/650 814/953/651
f 813/949/563 818/954/139 814/953/651
f 833/956/108 821/955/580 815/957/652
f 816/958/139 824/959/583 815/955/650
f 825/960/653 824/961/583 823/962/250
f 826/963/654 836/964/655 825/960/656
f 828/965/657 827/966/658 826/963/659
f 830/965/660 829/967/661 828/968/662
f 831/968/251 835/969/663 830/970/664
f 832/971/139 834/972/579 831/967/598
f 835/973/665 824/967/553 836/974/666
f 835/973/665 827/975/667 829/976/661
f 840/977/139 837/978/651 845/979/629
f 845/980/668 839/981/585 843/982/586
f 858/983/640 839/984/558 837/985/649
f 841/986/579 843/982/620 844/984/547
f 844/984/565 858/987/645 841/985/594
f 843/982/577 842/988/556 844/984/554
f 838/989/139 847/990/139 837/978/651
f 848/991/139 840/977/139 845/979/629
f 857/992/669 847/990/139 848/991/139
f 857/992/669 841/986/572 854/993/670
f 851/994/671 854/995/672 853/996/672
f 850/997/673 853/996/674 852/998/675
f 855/999/676 850/997/677 852/998/678
f 854/1000/679 852/998/680 853/996/679
f 856/1001/681 851/994/682 850/997/681
f 858/1002/583 856/1003/683 855/1004/675
f 862/1005/684 861/1006/685 860/1007/686
f 867/1008/687 863/1009/688 862/1010/684
f 866/1011/689 865/1012/690 864/1013/691
f 869/1014/13 867/1008/692 862/1010/693
f 860/1007/694 869/1015/13 862/1005/684
f 870/1016/13 865/1012/695 867/1017/696
f 872/1018/624 861/1006/697 863/1019/698
f 874/1020/624 863/1009/699 866/1021/700
f 864/1013/701 874/1022/624 866/1011/689
f 878/1023/684 877/1024/685 876/1025/686
f 883/1026/687 879/1027/688 878/1028/684
f 882/1029/689 881/1030/690 880/1031/691
f 885/1032/13 883/1026/687 878/1028/693
f 876/1025/694 885/1033/13 878/1023/684
f 886/1034/13 881/1030/695 883/1035/696
f 888/1036/624 877/1024/697 879/1037/698
f 890/1038/624 879/1027/699 882/1039/700
f 880/1031/701 890/1040/624 882/1029/689
f 898/1041/702 894/1042/703 896/1043/704
f 897/1044/705 894/1045/706 895/1046/707
f 897/1044/708 893/1047/709 899/1048/710
f 899/1049/711 892/1050/712 898/1051/713
f 901/1052/714 896/1053/715 900/1054/716
f 900/1054/716 897/1044/717 906/1055/718
f 906/1055/718 899/1048/719 907/1056/720
f 901/1052/714 899/1048/721 898/1042/722
f 903/1057/723 900/1058/724 902/1059/709
f 904/1060/712 900/1061/725 906/1062/726
f 904/1063/727 907/1064/728 905/1065/729
f 905/1066/706 901/1067/730 903/1068/707
f 906/1055/718 901/1052/714 900/1054/716
f 933/1069/731 918/1070/732 920/1071/733
f 916/1072/734 911/1073/735 933/1074/736
f 923/1075/737 912/1076/738 916/1077/739
f 914/1078/55 923/1079/740 908/1080/55
f 917/1081/741 911/1073/742 912/1082/738
f 926/1083/459 920/1071/733 918/1070/743
f 920/1084/733 915/1085/55 909/1086/55
f 915/1085/55 921/1087/55 910/1088/55
f 922/1089/55 914/1078/55 913/1090/55
f 924/951/13 917/1081/744 923/1075/740
f 925/1091/549 918/1070/745 917/1081/746
f 927/1092/55 923/1079/740 916/1093/747
f 929/1094/55 927/1092/55 916/1093/748
f 920/1084/733 932/1095/55 933/1096/749
f 929/1094/55 934/1095/55 930/1097/55
f 938/1098/750 937/1099/751 935/1100/752
f 940/1101/753 936/1102/754 938/1098/750
f 942/1103/755 939/1104/756 940/1101/753
f 944/1105/757 941/1106/758 942/1103/755
f 946/1107/759 943/1108/760 944/1109/757
f 948/1110/761 945/1111/762 946/1107/759
f 950/1112/763 947/1113/764 948/1110/761
f 952/1114/765 949/1115/766 950/1112/763
f 954/1116/767 951/1117/768 952/1114/765
f 956/1118/769 953/1119/770 954/1116/767
f 958/1120/771 955/1121/772 956/1118/769
f 935/1100/752 957/1122/773 958/1120/771
f 944/1109/774 969/1123/139 946/1107/775
f 960/1124/139 944/1105/774 942/1103/776
f 940/1101/777 960/1125/139 942/1103/776
f 962/1126/139 940/1101/777 938/1098/778
f 935/1100/779 962/1127/139 938/1098/778
f 964/1128/139 935/1100/779 958/1120/780
f 956/1118/781 964/1129/139 958/1120/780
f 966/1130/139 956/1118/781 954/1116/782
f 952/1114/783 966/1131/139 954/1116/782
f 968/1132/139 952/1114/783 950/1112/784
f 948/1110/785 968/1133/139 950/1112/784
f 969/1134/139 948/1110/785 946/1107/775
f 982/1135/137 937/1099/786 936/1102/787
f 937/1099/786 972/1136/137 957/1122/788
f 972/1137/137 955/1121/789 957/1122/788
f 955/1121/789 974/1138/137 953/1119/790
f 974/1139/137 951/1117/791 953/1119/790
f 951/1117/791 976/1140/137 949/1115/792
f 976/1141/137 947/1113/793 949/1115/792
f 947/1113/793 978/1142/137 945/1111/794
f 978/1143/137 943/1108/795 945/1111/794
f 943/1144/795 980/1145/137 941/1106/796
f 980/1146/137 939/1104/797 941/1106/796
f 939/1104/797 982/1147/137 936/1102/787
f 987/1148/750 986/1149/751 984/1150/752
f 989/1151/753 985/1152/754 987/1148/750
f 991/1153/755 988/1154/756 989/1151/753
f 993/1155/757 990/1156/758 991/1153/755
f 995/1157/759 992/1158/760 993/1159/757
f 997/1160/761 994/1161/762 995/1157/759
f 999/1162/763 996/1163/764 997/1160/761
f 1001/1164/765 998/1165/766 999/1162/763
f 1003/1166/767 1000/1167/768 1001/1164/765
f 1005/1168/769 1002/1169/770 1003/1166/767
f 1007/1170/771 1004/1171/772 1005/1168/769
f 984/1150/752 1006/1172/773 1007/1170/771
f 993/1159/774 1018/1173/139 995/1157/775
f 1009/1174/139 993/1155/774 991/1153/776
f 989/1151/777 1009/1175/139 991/1153/776
f 1011/1176/139 989/1151/777 987/1148/778
f 984/1150/779 1011/1177/139 987/1148/778
f 1013/1178/139 984/1150/779 1007/1170/780
f 1005/1168/781 1013/1179/139 1007/1170/780
f 1015/1180/139 1005/1168/781 1003/1166/782
f 1001/1164/783 1015/1181/139 1003/1166/782
f 1017/1182/139 1001/1164/783 999/1162/784
f 997/1160/785 1017/1183/139 999/1162/784
f 1018/1184/139 997/1160/785 995/1157/775
f 1031/1185/137 986/1149/786 985/1152/787
f 986/1149/786 1021/1186/137 1006/1172/788
f 1004/1171/789 1023/1187/137 1002/1169/790
f 1023/1188/137 1000/1167/791 1002/1169/790
f 1025/1189/137 996/1163/793 998/1165/792
f 996/1163/793 1027/1190/137 994/1161/794
f 992/1191/795 1029/1192/137 990/1156/796
f 1029/1193/137 988/1154/797 990/1156/796
f 1032/1194/76 1048/1195/798 1049/1196/799
f 1043/1197/76 1047/1198/798 1050/1199/799
f 1034/1196/21 1060/1200/800 1061/1201/801
f 1042/1199/21 1059/1202/800 1062/1203/801
f 1041/1201/802 1056/1204/800 1057/1205/800
f 1037/1203/802 1055/1206/800 1058/1207/800
f 983/1208/15 1052/1209/803 1053/1194/804
f 1045/1210/15 1051/1211/803 1054/1197/804
f 1039/1202/20 1056/1204/801 1036/1200/21
f 1040/1198/121 1059/1200/800 1035/1195/121
f 1057/1207/801 1037/1212/20 1058/1213/800
f 1062/1203/801 1034/1214/121 1061/1212/800
f 1050/1199/799 1032/1215/58 1049/1214/798
f 1044/1211/58 1047/1195/798 1033/1209/58
f 1054/1197/804 983/1216/130 1053/1215/803
f 1046/1217/130 1051/1209/803 1038/1218/130
f 1047/1219/805 1022/1220/137 1004/1171/789
f 1021/1221/137 1050/1222/806 1006/1172/788
f 1051/1223/807 1031/1224/137 985/1152/787
f 1030/1225/137 1054/1226/808 988/1154/797
f 1055/1227/809 1028/1228/137 992/1158/795
f 1027/1229/137 1058/1230/800 994/1161/794
f 1059/1231/810 1025/1232/137 998/1165/792
f 1024/1233/137 1062/1234/809 1000/1167/791
f 1066/1235/750 1065/1236/811 1063/1237/752
f 1068/1238/753 1064/1239/812 1066/1235/750
f 1070/1240/813 1067/1241/814 1068/1238/753
f 1072/1242/757 1069/1243/815 1070/1240/755
f 1074/1244/759 1071/1245/816 1072/1246/757
f 1076/1247/817 1073/1248/818 1074/1244/759
f 1078/1249/763 1075/1250/819 1076/1247/761
f 1080/1251/765 1077/1252/820 1078/1249/763
f 1082/1253/821 1079/1254/822 1080/1251/765
f 1084/1255/769 1081/1256/823 1082/1253/767
f 1086/1257/771 1083/1258/824 1084/1255/769
f 1063/1237/825 1085/1259/826 1086/1257/771
f 1087/1260/139 1084/1255/781 1082/1253/782
f 1080/1251/827 1087/1261/139 1082/1262/782
f 1089/1263/139 1080/1251/783 1078/1249/784
f 1076/1247/828 1089/1264/139 1078/1249/784
f 1091/1265/139 1076/1247/785 1074/1244/775
f 1072/1246/829 1091/1266/139 1074/1244/775
f 1093/1267/139 1072/1242/774 1070/1240/776
f 1068/1238/830 1093/1268/139 1070/1240/776
f 1095/1269/139 1068/1238/777 1066/1235/778
f 1063/1237/831 1095/1270/139 1066/1235/778
f 1098/1271/139 1063/1237/779 1086/1257/780
f 1084/1255/832 1098/1272/139 1086/1257/780
f 1099/1273/137 1071/1245/795 1073/1248/794
f 1075/1250/833 1099/1274/137 1073/1248/794
f 1101/1275/137 1075/1250/793 1077/1252/792
f 1079/1254/834 1101/1276/137 1077/1252/792
f 1103/1277/137 1079/1254/791 1081/1256/790
f 1083/1258/835 1103/1278/137 1081/1256/790
f 1105/1279/137 1083/1258/789 1085/1259/788
f 1065/1236/836 1105/1280/137 1085/1259/788
f 1107/1281/137 1065/1236/786 1064/1239/787
f 1067/1241/837 1107/1282/137 1064/1239/787
f 1110/1283/137 1067/1241/797 1069/1243/796
f 1071/1284/838 1110/1285/137 1069/1243/796
f 1114/1286/769 1113/1287/823 1111/1288/767
f 1116/1289/771 1112/1290/824 1114/1286/769
f 1118/1291/825 1115/1292/826 1116/1289/771
f 1120/1293/750 1117/1294/811 1118/1291/752
f 1122/1295/753 1119/1296/812 1120/1293/750
f 1124/1297/813 1121/1298/814 1122/1295/753
f 1126/1299/757 1123/1300/815 1124/1297/755
f 1128/1301/759 1125/1302/816 1126/1303/757
f 1130/1304/817 1127/1305/818 1128/1301/759
f 1132/1306/763 1129/1307/819 1130/1304/761
f 1134/1308/765 1131/1309/820 1132/1306/839
f 1111/1288/821 1133/1310/822 1134/1308/765
f 1135/1311/139 1132/1306/784 1130/1304/785
f 1128/1301/840 1135/1312/139 1130/1304/785
f 1137/1313/139 1128/1301/775 1126/1303/774
f 1124/1297/841 1137/1314/139 1126/1299/774
f 1139/1315/139 1124/1297/776 1122/1295/777
f 1120/1293/842 1139/1316/139 1122/1295/777
f 1141/1317/139 1120/1293/778 1118/1291/779
f 1116/1289/843 1141/1318/139 1118/1291/779
f 1143/1319/139 1116/1289/780 1114/1286/781
f 1111/1288/844 1143/1320/139 1114/1286/781
f 1146/1321/139 1111/1288/782 1134/1308/783
f 1132/1306/845 1146/1322/139 1134/1308/783
f 1123/1300/846 1147/1323/137 1121/1298/797
f 1149/1324/137 1123/1325/796 1125/1326/795
f 1151/1327/137 1127/1305/794 1129/1307/793
f 1113/1287/847 1153/1328/137 1133/1310/791
f 1155/1329/137 1113/1287/790 1112/1290/789
f 1158/1330/137 1115/1292/788 1117/1294/786
f 1171/1331/802 1162/1332/848 1159/1333/800
f 1172/1334/802 1161/1335/848 1160/1336/800
f 1167/1337/76 1166/1338/803 1163/1339/799
f 1168/1340/76 1165/1341/803 1164/1342/799
f 1150/1343/137 1160/1344/800 1127/1305/794
f 1161/1345/848 1149/1346/137 1125/1302/795
f 1158/1347/137 1119/1296/849 1157/1348/137
f 1156/1349/137 1164/1350/806 1115/1292/788
f 1165/1351/808 1155/1352/137 1112/1290/789
f 1151/1353/137 1131/1309/792 1152/1354/137
f 1167/1340/58 1164/1355/798 1168/1356/58
f 1169/1337/15 1166/1341/850 1170/1357/15
f 1171/1334/21 1160/1358/800 1159/1336/801
f 1173/1333/47 1162/1335/848 1161/1331/848
f 1175/1333/21 1190/1359/798 1187/1337/801
f 1180/1334/21 1189/1357/798 1188/1340/801
f 1182/1360/15 1183/1341/848 1186/1342/804
f 1177/1339/15 1184/1361/848 1185/1362/804
f 1179/1333/76 1190/1357/851 1176/1363/76
f 1188/1356/800 1175/1334/121 1187/1340/800
f 1181/1339/71 1184/1364/852 1178/1341/71
f 1186/1365/803 1177/1342/130 1185/1360/803
f 1183/1366/853 1157/1367/137 1119/1296/787
f 1147/1368/137 1186/1369/808 1121/1298/797
f 1153/1370/137 1188/1371/809 1133/1310/791
f 1189/1372/806 1152/1373/137 1131/1309/792
f 1194/1374/750 1193/1375/811 1191/1376/752
f 1196/1377/753 1192/1378/812 1194/1374/750
f 1198/1379/813 1195/1380/814 1196/1377/753
f 1200/1381/757 1197/1382/815 1198/1379/755
f 1202/1383/759 1199/1384/816 1200/1385/854
f 1204/1386/817 1201/1387/818 1202/1383/759
f 1206/1388/763 1203/1389/819 1204/1386/761
f 1208/1390/765 1205/1391/820 1206/1388/763
f 1210/1392/821 1207/1393/822 1208/1390/765
f 1212/1394/769 1209/1395/823 1210/1392/767
f 1214/1396/771 1211/1397/824 1212/1394/769
f 1191/1376/825 1213/1398/826 1214/1396/771
f 1215/1399/139 1212/1394/781 1210/1392/782
f 1208/1390/827 1215/1400/139 1210/1401/782
f 1217/1402/139 1208/1390/783 1206/1388/784
f 1204/1386/828 1217/1403/139 1206/1388/784
f 1219/1404/139 1204/1386/785 1202/1383/775
f 1200/1385/829 1219/1405/139 1202/1383/775
f 1221/1406/139 1200/1381/774 1198/1379/776
f 1196/1377/830 1221/1407/139 1198/1379/776
f 1223/1408/139 1196/1377/777 1194/1374/778
f 1191/1376/831 1223/1409/139 1194/1374/778
f 1226/1410/139 1191/1376/779 1214/1396/780
f 1212/1394/855 1226/1411/139 1214/1396/780
f 1227/1412/137 1199/1384/795 1201/1387/794
f 1203/1389/833 1227/1413/137 1201/1387/794
f 1229/1414/137 1203/1389/793 1205/1391/792
f 1207/1393/834 1229/1415/137 1205/1391/792
f 1231/1416/137 1207/1393/791 1209/1395/790
f 1211/1397/835 1231/1417/137 1209/1395/790
f 1233/1418/137 1211/1397/789 1213/1398/788
f 1193/1375/836 1233/1419/137 1213/1398/788
f 1235/1420/137 1193/1375/786 1192/1378/787
f 1195/1380/856 1235/1421/137 1192/1378/787
f 1238/1422/137 1195/1380/797 1197/1382/796
f 1199/1423/838 1238/1424/137 1197/1382/796
f 1242/1425/769 1241/1426/823 1239/1427/767
f 1244/1428/771 1240/1429/824 1242/1425/769
f 1246/1430/825 1243/1431/826 1244/1428/771
f 1248/1432/750 1245/1433/811 1246/1430/752
f 1250/1434/753 1247/1435/812 1248/1432/750
f 1252/1436/813 1249/1437/814 1250/1434/753
f 1254/1438/757 1251/1439/815 1252/1436/755
f 1256/1440/759 1253/1441/816 1254/1442/757
f 1258/1443/817 1255/1444/818 1256/1440/759
f 1260/1445/763 1257/1446/819 1258/1443/761
f 1262/1447/765 1259/1448/820 1260/1445/839
f 1239/1427/821 1261/1449/822 1262/1447/765
f 1263/1450/139 1260/1445/784 1258/1443/785
f 1256/1440/840 1263/1451/139 1258/1443/785
f 1265/1452/139 1256/1440/775 1254/1442/774
f 1252/1436/841 1265/1453/139 1254/1438/774
f 1267/1454/139 1252/1436/776 1250/1434/777
f 1248/1432/842 1267/1455/139 1250/1434/777
f 1269/1456/139 1248/1432/778 1246/1430/779
f 1244/1428/843 1269/1457/139 1246/1430/779
f 1271/1458/139 1244/1428/780 1242/1425/781
f 1239/1427/844 1271/1459/139 1242/1425/781
f 1274/1460/139 1239/1427/782 1262/1447/783
f 1260/1445/845 1274/1461/139 1262/1447/783
f 1251/1439/846 1275/1462/137 1249/1437/797
f 1277/1463/137 1251/1464/796 1253/1465/795
f 1279/1466/137 1255/1444/794 1257/1446/793
f 1241/1426/847 1281/1467/137 1261/1449/791
f 1283/1468/137 1241/1426/790 1240/1429/789
f 1286/1469/137 1243/1431/788 1245/1433/786
f 1299/1470/802 1290/1471/848 1287/1472/800
f 1300/1473/802 1289/1474/848 1288/1475/800
f 1295/1476/76 1294/1477/803 1291/1478/799
f 1296/1479/76 1293/1480/803 1292/1481/799
f 1278/1482/137 1288/1483/800 1255/1444/794
f 1289/1484/848 1277/1485/137 1253/1441/795
f 1286/1486/137 1247/1435/787 1285/1487/137
f 1284/1488/137 1292/1489/806 1243/1431/788
f 1293/1490/808 1283/1491/137 1240/1429/789
f 1279/1492/137 1259/1448/792 1280/1493/137
f 1295/1479/58 1292/1494/798 1296/1495/58
f 1297/1476/15 1294/1480/850 1298/1496/15
f 1299/1497/21 1288/1475/800 1287/1498/801
f 1301/1499/47 1290/1472/848 1289/1474/848
f 1303/1472/21 1318/1500/798 1315/1476/801
f 1308/1475/21 1317/1496/798 1316/1479/801
f 1310/1501/15 1311/1480/848 1314/1481/804
f 1305/1478/15 1312/1502/848 1313/1503/804
f 1307/1472/76 1318/1496/851 1304/1474/76
f 1316/1495/800 1303/1475/121 1315/1479/800
f 1309/1478/71 1312/1504/852 1306/1480/71
f 1314/1505/803 1305/1481/130 1313/1501/803
f 1311/1506/853 1285/1507/137 1247/1435/787
f 1275/1508/137 1314/1509/808 1249/1437/797
f 1281/1510/137 1316/1511/809 1261/1449/791
f 1317/1512/806 1280/1513/137 1259/1448/792
f 1322/1514/857 1321/1515/858 1319/1516/859
f 1323/1517/860 1320/1518/861 1322/1514/862
f 1324/1519/111 1333/1520/863 1323/1517/864
f 1325/1521/865 1332/1522/866 1324/1519/246
f 1326/1523/867 1331/1524/868 1325/1521/869
f 1328/1525/870 1329/1526/871 1326/1523/872
f 1329/1527/873 1321/1528/874 1320/1529/875
f 1331/1530/876 1320/1531/877 1333/1532/878
f 1332/1533/879 1331/1530/880 1333/1532/881
f 1334/1534/624 1327/1535/882 1328/1525/882
f 1335/1534/571 1321/1528/883 1330/1536/55
f 1336/1537/569 1319/1516/884 1321/1515/858
f 1366/1538/885 1367/1539/111 1368/1540/886
f 1368/1541/886 1367/1542/142 1370/1543/887
f 1370/1544/887 1367/1545/91 1372/1546/888
f 1372/1547/888 1367/1548/91 1374/1549/889
f 1374/1550/889 1367/1551/246 1377/1552/890
f 1377/1553/890 1367/1554/109 1379/1555/891
f 1379/1556/891 1367/1557/109 1381/1558/892
f 1381/1559/892 1367/1560/107 1382/1561/893
f 1382/1562/893 1367/1563/94 1385/1564/894
f 1385/1565/894 1367/1566/94 1387/1567/895
f 1387/1568/895 1367/1569/204 1388/1570/896
f 1388/1571/896 1367/1572/111 1366/1573/885
f 1341/1574/897 1340/1575/811 1338/1576/898
f 1343/1577/899 1339/1578/812 1341/1574/900
f 1345/1579/901 1342/1580/814 1343/1577/902
f 1347/1581/903 1344/1582/815 1345/1579/904
f 1349/1583/905 1346/1584/816 1347/1581/906
f 1351/1585/907 1348/1586/818 1349/1583/908
f 1353/1587/909 1350/1588/819 1351/1589/910
f 1355/1590/911 1352/1591/820 1353/1587/912
f 1357/1592/913 1354/1593/822 1355/1590/914
f 1359/1594/915 1356/1595/823 1357/1592/916
f 1361/1596/917 1358/1597/824 1359/1594/918
f 1338/1576/919 1360/1598/826 1361/1596/920
f 1394/1599/921 1364/1600/922 1362/1601/923
f 1369/1602/924 1341/1574/925 1338/1576/926
f 1368/1603/927 1369/1604/928 1366/1605/929
f 1365/1606/930 1343/1577/931 1341/1574/932
f 1368/1607/933 1371/1608/934 1365/1609/935
f 1373/1610/936 1343/1577/937 1371/1611/938
f 1370/1612/939 1373/1613/940 1371/1614/941
f 1373/1615/942 1374/1616/943 1375/1617/944
f 1373/1618/936 1347/1581/945 1345/1579/946
f 1377/1619/947 1375/1620/948 1374/1621/949
f 1347/1581/950 1376/1622/951 1349/1583/952
f 1377/1623/953 1378/1624/954 1376/1625/955
f 1378/1626/956 1349/1583/957 1376/1627/958
f 1381/1628/959 1378/1629/960 1379/1630/961
f 1378/1631/962 1353/1587/963 1351/1589/964
f 1381/1632/965 1383/1633/966 1380/1634/967
f 1380/1635/968 1355/1590/969 1353/1587/970
f 1382/1636/971 1384/1637/972 1383/1638/973
f 1384/1639/974 1355/1590/975 1383/1640/976
f 1384/1641/974 1359/1594/977 1357/1592/978
f 1387/1642/979 1384/1643/980 1385/1644/981
f 1389/1645/982 1359/1594/983 1386/1646/984
f 1387/1647/985 1389/1648/986 1386/1649/987
f 1369/1650/988 1361/1596/989 1389/1651/990
f 1388/1652/991 1369/1653/992 1389/1654/993
f 1340/1575/786 1391/1655/994 1390/1656/995
f 1391/1657/994 1342/1580/797 1392/1658/996
f 1393/1659/997 1342/1580/797 1344/1582/796
f 1393/1660/997 1346/1582/998 1362/1661/999
f 1394/1662/1000 1346/1584/795 1348/1586/794
f 1348/1586/794 1395/1663/1001 1394/1664/1000
f 1395/1665/1001 1352/1591/792 1396/1666/1002
f 1396/1667/1002 1354/1593/791 1397/1668/1003
f 1397/1669/1003 1356/1595/790 1398/1670/1004
f 1399/1671/1005 1356/1595/790 1358/1597/1006
f 1400/1672/1007 1358/1597/789 1360/1598/1008
f 1400/1673/1007 1340/1575/786 1390/1674/995
f 1390/1674/1009 1403/1675/1010 1400/1673/1011
f 1392/1676/1012 1404/1677/1013 1391/1678/1014
f 1408/1679/1015 1397/1669/1016 1398/1670/1017
f 1409/1680/1018 1394/1664/921 1395/1681/1018
f 1392/1682/1012 1401/1683/1019 1406/1684/1020
f 1399/1671/1021 1408/1685/1022 1398/1686/1017
f 1396/1666/1023 1409/1687/1024 1395/1665/1018
f 1362/1688/923 1401/1689/1025 1393/1690/1019
f 1400/1691/1011 1407/1692/1026 1399/1693/1021
f 1390/1656/1009 1404/1694/1014 1410/1695/1027
f 1396/1696/1023 1405/1697/1016 1402/1698/1028
f 1407/1699/1029 1411/1700/137 1408/1701/1004
f 1408/1701/1004 1411/1700/137 1405/1702/1003
f 1405/1702/1003 1411/1700/137 1402/1703/1002
f 1402/1703/1030 1411/1700/137 1409/1704/1001
f 1409/1704/1001 1411/1700/137 1363/1705/1000
f 1363/1705/1000 1411/1700/137 1364/1706/999
f 1364/1706/1031 1411/1700/137 1401/1707/997
f 1401/1707/997 1411/1700/137 1406/1708/996
f 1406/1708/996 1411/1700/137 1404/1709/994
f 1404/1709/994 1411/1700/137 1410/1710/995
f 1410/1710/995 1411/1700/137 1403/1711/1007
f 1403/1711/1007 1411/1700/137 1407/1699/1005
f 1440/1712/1032 1441/1713/111 1442/1714/1033
f 1442/1715/1033 1441/1716/111 1444/1717/1034
f 1444/1718/1034 1441/1719/91 1446/1720/1035
f 1446/1721/1035 1441/1722/91 1448/1723/1036
f 1448/1724/1036 1441/1725/91 1451/1726/1037
f 1451/1727/1037 1441/1728/109 1453/1729/1038
f 1453/1730/1038 1441/1731/109 1455/1732/1039
f 1455/1733/1039 1441/1734/109 1456/1735/1040
f 1456/1736/1040 1441/1737/94 1459/1738/1041
f 1459/1739/1041 1441/1740/94 1461/1741/1042
f 1461/1742/1042 1441/1743/94 1462/1744/1043
f 1462/1745/1043 1441/1746/111 1440/1747/1032
f 1415/1748/1044 1414/1749/811 1412/1750/1045
f 1417/1751/1046 1413/1752/812 1415/1748/1047
f 1419/1753/1048 1416/1754/814 1417/1751/1049
f 1421/1755/1050 1418/1756/815 1419/1753/1051
f 1423/1757/1052 1420/1758/1053 1421/1755/1054
f 1425/1759/1055 1422/1760/818 1423/1757/1056
f 1427/1761/1057 1424/1762/819 1425/1763/1058
f 1429/1764/1059 1426/1765/820 1427/1761/1060
f 1431/1766/1061 1428/1767/822 1429/1764/1062
f 1433/1768/1063 1430/1769/823 1431/1766/1064
f 1435/1770/1065 1432/1771/1066 1433/1768/1067
f 1412/1750/1068 1434/1772/826 1435/1770/1069
f 1468/1773/1070 1438/1774/1071 1436/1775/1071
f 1443/1776/1072 1415/1748/1073 1412/1750/1045
f 1440/1777/1074 1439/1778/1075 1443/1779/1076
f 1439/1780/1077 1417/1751/1078 1415/1748/1079
f 1442/1781/1080 1445/1782/1081 1439/1783/1082
f 1447/1784/1083 1417/1751/1049 1445/1785/1084
f 1444/1786/1085 1447/1787/1086 1445/1788/1087
f 1447/1789/1088 1448/1790/1089 1449/1791/1090
f 1447/1792/1091 1421/1755/1092 1419/1753/1051
f 1451/1793/1093 1449/1794/1094 1448/1795/1095
f 1421/1755/1054 1450/1796/1096 1423/1757/1097
f 1451/1797/1098 1452/1798/1099 1450/1799/1100
f 1452/1800/1101 1423/1757/1056 1450/1801/1102
f 1455/1802/1103 1452/1803/1104 1453/1804/1105
f 1452/1805/1106 1427/1761/1107 1425/1763/1058
f 1455/1806/1108 1457/1807/1109 1454/1808/1110
f 1454/1809/1111 1429/1764/1112 1427/1761/1113
f 1456/1810/1114 1458/1811/1115 1457/1812/1116
f 1458/1813/1117 1429/1764/1062 1457/1814/1118
f 1458/1815/1119 1433/1768/1120 1431/1766/1064
f 1461/1816/1121 1458/1817/1122 1459/1818/1123
f 1463/1819/1124 1433/1768/1067 1460/1820/1125
f 1461/1821/1126 1463/1822/1127 1460/1823/1128
f 1443/1824/1129 1435/1770/1069 1463/1825/1130
f 1463/1826/1131 1440/1827/1132 1443/1828/1133
f 1414/1752/786 1465/1829/1134 1464/1830/1135
f 1465/1831/1134 1416/1752/797 1466/1832/1136
f 1467/1833/1137 1416/1756/797 1418/1754/796
f 1467/1834/1137 1420/1756/795 1436/1835/1138
f 1468/1836/1139 1420/1760/795 1422/1758/794
f 1422/1837/794 1469/1838/1140 1468/1839/1139
f 1469/1840/1140 1426/1762/792 1470/1841/1141
f 1470/1842/1141 1428/1765/791 1471/1843/1142
f 1471/1844/1142 1430/1767/790 1472/1845/1143
f 1473/1846/1144 1430/1771/790 1432/1769/789
f 1474/1847/1145 1432/1772/789 1434/1771/788
f 1474/1848/1145 1414/1772/786 1464/1849/1135
f 1464/1850/1146 1477/1851/1145 1474/1852/1147
f 1466/1853/1148 1478/1854/1149 1465/1855/1149
f 1482/1856/1150 1471/1857/1142 1472/1858/1150
f 1483/1859/1151 1468/1860/1139 1469/1861/1151
f 1466/1862/1148 1475/1863/1152 1480/1864/1148
f 1473/1865/1144 1482/1866/1150 1472/1867/1150
f 1470/1868/1141 1483/1869/1151 1469/1870/1151
f 1436/1871/1138 1475/1872/1152 1467/1873/1152
f 1474/1874/1147 1481/1875/1153 1473/1876/1153
f 1464/1877/1146 1478/1878/1134 1484/1879/1146
f 1470/1880/1154 1479/1881/1155 1476/1882/1154
f 1481/1883/1144 1485/1884/137 1482/1885/1143
f 1482/1885/1143 1485/1884/137 1479/1886/1142
f 1479/1886/1142 1485/1884/137 1476/1887/1141
f 1476/1887/1141 1485/1884/137 1483/1888/1140
f 1483/1888/1140 1485/1884/137 1437/1889/1139
f 1437/1889/1139 1485/1884/137 1438/1890/1138
f 1438/1890/1138 1485/1884/137 1475/1891/1137
f 1475/1891/1137 1485/1884/137 1480/1892/1136
f 1480/1892/1136 1485/1884/137 1478/1893/1134
f 1478/1893/1134 1485/1884/137 1484/1894/1135
f 1484/1894/1135 1485/1884/137 1477/1895/1145
f 1477/1895/1145 1485/1884/137 1481/1883/1144
f 1514/1896/885 1515/1897/111 1516/1898/886
f 1516/1899/886 1515/1900/142 1518/1901/887
f 1518/1902/887 1515/1903/91 1520/1904/888
f 1520/1905/888 1515/1906/91 1522/1907/889
f 1522/1908/889 1515/1909/246 1525/1910/890
f 1525/1911/890 1515/1912/109 1527/1913/891
f 1527/1914/891 1515/1915/109 1529/1916/892
f 1529/1917/892 1515/1918/107 1530/1919/893
f 1530/1920/893 1515/1921/94 1533/1922/894
f 1533/1923/894 1515/1924/94 1535/1925/895
f 1535/1926/895 1515/1927/204 1536/1928/896
f 1536/1929/896 1515/1930/111 1514/1931/885
f 1489/1932/897 1488/1933/811 1486/1934/898
f 1491/1935/899 1487/1936/812 1489/1932/900
f 1493/1937/901 1490/1938/814 1491/1935/902
f 1495/1939/903 1492/1940/815 1493/1937/904
f 1497/1941/905 1494/1942/816 1495/1939/906
f 1499/1943/907 1496/1944/818 1497/1941/908
f 1501/1945/909 1498/1946/819 1499/1947/910
f 1503/1948/911 1500/1949/820 1501/1945/912
f 1505/1950/913 1502/1951/822 1503/1948/914
f 1507/1952/915 1504/1953/823 1505/1950/916
f 1509/1954/917 1506/1955/824 1507/1952/918
f 1486/1934/919 1508/1956/826 1509/1954/920
f 1542/1957/921 1512/1958/922 1510/1959/923
f 1517/1960/924 1489/1932/925 1486/1934/926
f 1514/1961/929 1513/1962/1156 1517/1963/928
f 1513/1964/930 1491/1935/931 1489/1932/932
f 1516/1965/933 1519/1966/934 1513/1967/935
f 1521/1968/936 1491/1935/937 1519/1969/938
f 1518/1970/939 1521/1971/940 1519/1972/941
f 1521/1973/942 1522/1974/943 1523/1975/944
f 1521/1976/936 1495/1939/945 1493/1937/946
f 1525/1977/947 1523/1978/948 1522/1979/949
f 1495/1939/950 1524/1980/951 1497/1941/952
f 1525/1981/953 1526/1982/954 1524/1983/955
f 1526/1984/956 1497/1941/957 1524/1985/958
f 1529/1986/959 1526/1987/960 1527/1988/961
f 1526/1989/962 1501/1945/963 1499/1947/964
f 1529/1990/965 1531/1991/966 1528/1992/967
f 1528/1993/968 1503/1948/969 1501/1945/970
f 1530/1994/971 1532/1995/972 1531/1996/973
f 1532/1997/974 1503/1948/975 1531/1998/976
f 1532/1999/974 1507/1952/977 1505/1950/978
f 1535/2000/979 1532/2001/980 1533/2002/981
f 1537/2003/982 1507/1952/983 1534/2004/984
f 1535/2005/985 1537/2006/986 1534/2007/987
f 1517/2008/988 1509/1954/989 1537/2009/990
f 1537/2010/993 1514/2011/1157 1517/2012/992
f 1488/1933/786 1539/2013/994 1538/2014/995
f 1539/2015/994 1490/1938/797 1540/2016/996
f 1541/2017/997 1490/1938/797 1492/1940/796
f 1541/2018/997 1494/1942/998 1510/2019/999
f 1542/2020/1000 1494/1942/795 1496/1944/794
f 1496/1944/794 1543/2021/1001 1542/2022/1000
f 1543/2023/1001 1500/1949/792 1544/2024/1002
f 1544/2025/1002 1502/1951/1158 1545/2026/1003
f 1545/2027/1003 1504/1953/790 1546/2028/1004
f 1547/2029/1005 1504/1953/790 1506/1955/1006
f 1548/2030/1007 1506/1955/789 1508/1956/1008
f 1548/2031/1007 1488/1933/786 1538/2032/995
f 1538/2032/1009 1551/2033/1010 1548/2031/1011
f 1540/2034/1012 1552/2035/1013 1539/2036/1014
f 1556/2037/1015 1545/2027/1016 1546/2028/1017
f 1557/2038/1018 1542/2022/921 1543/2039/1018
f 1540/2040/1012 1549/2041/1019 1554/2042/1020
f 1547/2029/1021 1556/2043/1022 1546/2044/1017
f 1544/2024/1023 1557/2045/1024 1543/2023/1018
f 1510/2019/923 1549/2046/1025 1541/2047/1019
f 1548/2048/1011 1555/2049/1026 1547/2050/1021
f 1538/2014/1009 1552/2051/1014 1558/2052/1027
f 1544/2053/1023 1553/2054/1016 1550/2055/1028
f 1555/2056/1029 1559/2057/137 1556/2058/1004
f 1556/2058/1004 1559/2057/137 1553/2059/1003
f 1553/2059/1003 1559/2057/137 1550/2060/1002
f 1550/2060/1030 1559/2057/137 1557/2061/1001
f 1557/2061/1001 1559/2057/137 1511/2062/1000
f 1511/2062/1000 1559/2057/137 1512/2063/999
f 1512/2063/1031 1559/2057/137 1549/2064/997
f 1549/2064/997 1559/2057/137 1554/2065/996
f 1554/2065/996 1559/2057/137 1552/2066/994
f 1552/2066/994 1559/2057/137 1558/2067/995
f 1558/2067/995 1559/2057/137 1551/2068/1007
f 1551/2068/1007 1559/2057/137 1555/2056/1005
f 7/4/4 13/2069/13 5/5/130
f 9/7/7 11/2070/12 8/8/25
f 6/10/1159 21/9/1160 8/11/25
f 13/13/15 15/2071/1161 22/14/14
f 14/16/121 2/2072/624 6/17/17
f 12/19/2 1/2073/1162 2/20/20
f 8/11/1163 21/9/1164 22/25/26
f 16/27/1165 15/2074/1166 13/28/274
f 18/33/33 12/2075/1167 14/34/20
f 19/36/16 14/2076/16 11/37/35
f 10/9/37 8/2077/25 15/39/1168
f 20/41/1169 17/2078/13 13/42/5
f 29/50/46 35/2079/55 27/51/88
f 31/53/49 33/2080/54 30/54/67
f 28/56/52 43/55/1170 30/57/67
f 35/59/57 37/2081/1171 44/60/56
f 36/62/256 24/2082/256 28/63/59
f 34/65/61 23/2083/1172 24/66/62
f 30/57/1173 43/55/1174 44/71/1175
f 38/73/1176 37/2084/1177 35/74/132
f 40/79/75 34/2085/1178 36/80/63
f 41/82/58 36/2086/256 33/83/77
f 32/55/79 30/2087/67 37/85/69
f 42/87/1179 39/2088/47 35/88/47
f 53/93/1180 54/109/212 47/94/87
f 55/96/452 53/93/1181 46/95/1181
f 56/98/90 55/96/57 45/97/57
f 57/100/91 56/98/250 49/99/250
f 51/102/251 58/2089/251 57/103/94
f 59/105/95 58/2089/96 51/102/96
f 60/107/97 59/105/63 52/106/63
f 54/109/98 60/107/253 48/108/253
f 62/110/103 63/126/102 71/111/102
f 64/113/104 62/116/105 70/114/105
f 65/116/106 64/123/34 69/117/34
f 66/118/109 65/2090/108 73/119/108
f 61/119/244 76/2090/244 66/121/111
f 67/123/5 76/125/113 61/124/1182
f 68/125/114 67/118/29 75/120/29
f 63/121/115 68/110/116 72/112/116
f 78/116/117 79/113/47 87/101/414
f 80/123/1183 78/116/223 86/99/119
f 81/125/122 80/123/121 85/97/269
f 82/118/76 81/125/459 89/95/458
f 77/108/224 92/2090/568 82/118/58
f 83/121/15 92/2090/128 77/108/241
f 84/110/131 83/121/130 91/106/1184
f 79/126/71 84/110/133 88/102/1185
f 99/127/134 103/133/137 97/128/137
f 98/130/135 106/2091/136 100/131/136
f 103/133/100 105/142/138 107/134/138
f 104/136/139 94/138/139 98/130/140
f 102/137/1186 93/2092/1186 94/138/142
f 100/131/145 106/2091/145 107/134/146
f 114/149/46 120/158/55 112/150/55
f 116/152/49 118/177/54 115/153/67
f 113/155/1187 128/2093/1170 115/156/67
f 120/158/57 122/167/1171 129/159/56
f 121/161/95 109/163/256 113/155/59
f 119/162/44 108/2094/1172 109/163/63
f 115/156/1173 128/2093/1174 129/159/1175
f 123/168/1176 122/178/1177 120/169/132
f 125/174/75 119/2095/1178 121/175/63
f 126/176/58 121/175/58 118/177/77
f 117/154/79 115/153/67 122/178/69
f 127/179/1179 124/170/55 120/169/47
f 136/187/153 142/196/162 134/188/162
f 138/190/1188 140/215/161 137/191/174
f 135/193/1189 150/2096/1190 137/194/160
f 142/196/164 144/205/1191 151/197/1192
f 143/199/165 131/201/165 135/193/166
f 141/200/168 130/2097/1193 131/201/182
f 137/194/1194 150/2096/1195 151/197/1196
f 145/206/177 144/216/1197 142/207/566
f 147/212/181 141/2098/1198 143/213/170
f 148/214/133 143/213/165 140/215/1199
f 139/192/1200 137/191/174 144/216/176
f 149/217/1201 146/208/154 142/207/154
f 158/225/4 164/234/13 156/226/130
f 160/228/7 162/252/12 159/229/25
f 157/231/1159 172/2099/1160 159/232/25
f 164/234/15 166/242/1161 173/235/14
f 165/237/121 153/239/624 157/231/17
f 163/238/2 152/2100/1162 153/239/20
f 159/232/1163 172/2099/1164 173/235/26
f 167/243/1165 166/253/1166 164/244/274
f 169/249/33 163/2101/1202 165/250/21
f 170/251/16 165/250/624 162/252/35
f 161/230/37 159/229/25 166/253/1168
f 171/254/1169 168/245/5 164/244/5
f 180/262/192 186/271/137 178/263/115
f 182/265/194 184/290/199 181/266/208
f 179/268/1203 194/2102/1204 181/269/208
f 186/271/102 188/280/1205 195/272/200
f 187/274/139 175/276/139 179/268/201
f 185/275/1206 174/2103/1207 175/276/204
f 181/269/1208 194/2102/1209 195/272/1210
f 189/281/1211 188/291/1212 186/282/87
f 191/287/216 185/2104/1213 187/288/111
f 192/289/91 187/288/139 184/290/217
f 183/267/219 181/266/208 188/291/1214
f 193/292/1215 190/283/100 186/282/100
f 202/300/4 208/309/13 200/301/130
f 204/303/7 206/328/12 203/304/25
f 201/306/1159 216/2105/1160 203/307/25
f 208/309/15 210/318/1161 217/310/14
f 209/312/121 197/314/624 201/306/17
f 207/313/2 196/2106/1162 197/314/20
f 203/307/1163 216/2105/1164 217/310/1216
f 211/319/1165 210/329/1166 208/320/274
f 213/325/33 207/2107/1202 209/326/21
f 214/327/16 209/326/624 206/328/35
f 205/305/37 203/304/25 210/329/1168
f 215/330/1169 212/321/5 208/320/5
f 219/117/118 220/114/47 228/335/47
f 221/124/21 219/117/223 227/336/223
f 222/120/122 221/124/121 226/337/121
f 223/119/76 222/120/459 230/338/459
f 218/340/224 233/122/224 223/119/58
f 224/112/15 233/122/128 218/340/128
f 225/111/131 224/112/130 232/341/130
f 220/114/71 225/115/133 229/343/133
f 235/344/226 242/348/226 243/345/212
f 234/347/227 244/364/227 242/348/228
f 245/349/230 244/364/231 234/347/231
f 246/351/91 245/349/232 238/350/232
f 247/353/233 246/351/94 239/352/94
f 248/355/234 247/353/235 240/354/235
f 237/357/236 249/360/236 248/358/237
f 236/346/100 243/345/100 249/360/238
f 251/351/118 252/353/47 260/361/47
f 253/349/21 251/351/223 259/362/223
f 254/364/122 253/349/121 258/363/121
f 255/348/123 254/364/154 262/365/1217
f 250/367/125 265/345/1218 255/348/58
f 256/360/240 265/345/128 250/367/128
f 257/358/131 256/360/130 264/368/130
f 252/353/71 257/355/133 261/370/133
f 275/371/103 267/388/1219 268/372/102
f 269/374/16 267/388/105 275/371/105
f 270/376/106 269/374/34 274/375/34
f 271/378/109 270/376/108 278/377/108
f 266/380/110 281/387/110 271/378/111
f 272/381/5 281/387/113 266/380/113
f 273/383/114 272/381/29 280/382/29
f 268/385/115 273/383/116 277/384/116
f 283/363/103 284/365/102 292/378/102
f 285/362/1220 283/363/105 291/387/105
f 286/361/106 285/362/34 290/381/34
f 287/370/246 286/361/108 294/383/1221
f 282/388/110 297/368/1222 287/369/111
f 288/367/5 297/368/113 282/388/113
f 289/366/114 288/367/29 296/374/29
f 284/365/115 289/366/116 293/376/116
f 306/335/1223 307/343/212 300/373/212
f 308/336/88 306/335/89 299/371/89
f 309/337/90 308/336/57 298/375/57
f 310/338/91 309/337/92 302/377/92
f 304/380/93 311/339/93 310/338/94
f 312/340/95 311/339/96 304/380/96
f 313/341/97 312/340/63 305/382/63
f 307/342/100 313/341/253 301/384/253
f 315/404/16 319/437/16 320/405/293
f 339/407/130 324/425/301 325/397/1224
f 329/409/291 323/414/29 321/410/29
f 318/406/276 320/405/1225 326/412/277
f 323/414/5 325/390/1224 327/415/279
f 317/411/280 316/2108/1226 326/412/277
f 331/416/287 336/433/1227 332/417/288
f 326/419/277 331/2109/287 334/420/290
f 319/422/121 335/436/269 336/423/292
f 334/420/299 339/407/29 323/408/15
f 326/426/277 320/424/1228 336/423/1227
f 324/428/301 339/435/130 343/429/130
f 331/430/287 333/418/1229 344/431/303
f 336/433/300 335/2110/121 342/434/121
f 334/432/299 344/431/1230 343/429/274
f 335/436/21 319/422/20 328/396/310
f 342/434/21 335/2110/21 337/399/311
f 314/391/313 328/393/310 319/437/34
f 350/453/326 347/485/58 351/454/58
f 371/456/88 356/474/354 357/446/328
f 349/458/329 361/464/352 355/459/71
f 350/453/330 352/455/1231 358/461/331
f 355/459/47 357/439/379 359/463/333
f 349/458/334 348/2111/1232 358/461/331
f 363/465/341 368/482/1233 364/466/342
f 358/468/331 363/2112/341 366/469/344
f 352/471/345 351/2113/95 367/472/58
f 361/470/352 366/469/362 371/456/71
f 358/475/331 352/471/371 368/473/373
f 356/477/354 371/484/88 375/478/88
f 363/479/341 365/467/1234 376/480/356
f 368/482/353 367/2114/95 374/483/95
f 366/481/396 376/480/397 375/478/132
f 367/472/63 351/2113/62 360/445/363
f 374/483/63 367/2114/63 369/448/364
f 346/440/366 360/442/363 351/454/76
f 379/501/16 383/534/16 384/502/293
f 403/504/130 388/522/301 389/494/1224
f 393/506/291 387/511/29 385/507/29
f 382/503/276 384/502/1225 390/509/277
f 387/511/5 389/487/1224 391/512/279
f 381/508/280 380/2115/1226 390/509/277
f 395/513/287 400/530/1227 396/514/288
f 390/516/277 395/2116/287 398/517/290
f 383/519/121 399/533/16 400/520/292
f 398/517/299 403/504/29 387/505/15
f 390/523/277 384/521/1228 400/520/1227
f 388/525/301 403/532/130 407/526/130
f 395/527/287 397/515/1229 408/528/303
f 400/530/300 399/2117/121 406/531/121
f 398/529/1235 408/528/1230 407/526/274
f 399/533/21 383/519/20 392/493/310
f 406/531/21 399/2117/21 401/496/311
f 378/488/313 392/490/1236 383/534/34
f 411/550/62 415/583/76 416/551/321
f 435/553/57 420/571/396 421/543/378
f 425/555/338 419/560/47 417/556/47
f 414/552/316 416/551/1237 422/558/381
f 419/560/71 421/536/352 423/561/329
f 413/557/383 412/2118/1238 422/558/381
f 427/562/389 432/579/320 428/563/390
f 422/565/381 427/2119/389 430/566/360
f 415/568/63 431/582/62 432/569/364
f 430/566/350 435/553/47 419/554/88
f 422/572/381 416/570/318 432/569/320
f 420/574/396 435/581/57 439/575/57
f 427/576/389 429/564/1239 440/577/398
f 432/579/395 431/2120/63 438/580/63
f 430/578/354 440/577/355 439/575/380
f 431/582/95 415/568/126 424/542/327
f 438/580/95 431/2120/95 433/545/346
f 410/537/326 424/539/371 415/583/58
f 443/599/414 447/631/47 448/600/436
f 467/602/63 452/620/444 453/592/417
f 457/604/435 451/609/76 449/605/76
f 446/601/420 448/600/1240 454/607/421
f 451/609/58 453/585/1241 455/610/423
f 445/606/424 444/2121/1242 454/607/421
f 459/611/431 464/628/1243 460/612/432
f 454/614/421 459/2122/431 462/615/434
f 448/617/436 447/2123/57 463/618/47
f 457/616/418 462/615/447 467/602/76
f 454/621/421 448/617/1244 464/619/443
f 452/623/444 467/630/63 471/624/63
f 459/625/431 461/613/1245 472/626/446
f 464/628/443 463/2124/57 470/629/57
f 462/627/447 472/626/1246 471/624/123
f 463/618/88 447/2123/452 456/591/453
f 470/629/88 463/2124/88 465/594/454
f 442/586/456 456/588/453 447/631/71
f 475/632/118 476/647/47 484/633/380
f 477/635/104 475/2125/223 483/636/239
f 478/638/122 477/635/121 482/637/269
f 479/640/123 478/638/154 486/639/1247
f 474/642/125 489/2126/1218 479/640/58
f 480/643/127 489/2126/128 474/642/241
f 481/645/131 480/643/130 488/644/1184
f 476/647/71 481/645/133 485/646/1185
f 498/648/118 499/2127/47 492/649/47
f 500/651/21 498/648/223 491/650/223
f 501/653/122 500/651/121 490/652/121
f 502/655/76 501/653/459 494/654/459
f 496/657/224 503/2128/224 502/655/58
f 504/658/15 503/2128/128 496/657/128
f 505/660/131 504/658/130 497/659/130
f 499/662/71 505/660/133 493/661/133
f 514/664/86 515/671/212 508/656/212
f 516/665/88 514/664/89 507/654/89
f 517/666/90 516/665/57 506/652/57
f 518/667/91 517/666/250 510/650/250
f 512/661/251 519/688/251 518/668/94
f 520/669/95 519/688/96 512/661/96
f 521/670/97 520/669/63 513/659/63
f 515/671/100 521/670/253 509/657/253
f 530/672/1248 531/687/102 524/673/102
f 532/675/16 530/672/105 523/674/105
f 533/677/106 532/675/34 522/676/34
f 534/679/109 533/677/108 526/678/1221
f 528/681/244 535/689/244 534/113/111
f 536/683/112 535/689/113 528/681/113
f 537/685/114 536/683/29 529/684/29
f 531/687/1249 537/685/116 525/686/116
f 546/666/103 547/667/102 540/679/102
f 548/665/16 546/666/105 539/677/105
f 549/664/106 548/665/34 538/675/34
f 550/671/109 549/664/108 542/672/1221
f 544/685/244 551/670/244 550/671/111
f 552/669/5 551/670/113 544/685/1182
f 553/688/114 552/669/29 545/683/29
f 547/668/115 553/688/116 541/689/1250
f 562/632/86 563/647/212 556/690/212
f 564/635/88 562/2125/89 555/691/89
f 565/638/90 564/635/57 554/692/57
f 566/640/142 565/638/250 558/693/462
f 560/695/251 567/2126/1251 566/640/94
f 568/643/95 567/2126/96 560/695/252
f 569/645/97 568/643/63 561/696/63
f 563/647/100 569/645/253 557/697/253
f 578/678/118 579/680/47 572/636/47
f 580/676/21 578/678/223 571/637/223
f 581/674/122 580/676/121 570/639/121
f 582/673/76 581/674/154 574/641/154
f 576/644/1218 583/686/125 582/673/58
f 584/684/15 583/686/128 576/644/128
f 585/681/131 584/684/130 577/646/130
f 579/682/1252 585/681/133 573/633/133
f 589/698/464 587/702/1253 588/699/465
f 591/699/472 590/704/471 587/701/468
f 593/701/470 592/705/499 590/703/471
f 595/705/478 594/2129/1254 592/706/474
f 597/707/476 596/2130/1255 594/708/477
f 599/707/492 598/717/1256 596/710/480
f 586/713/493 599/715/486 595/717/488
f 601/710/485 600/720/1257 598/719/491
f 586/700/466 588/719/1258 600/720/494
f 587/723/468 592/724/474 596/725/1259
f 605/727/502 603/731/1260 604/728/503
f 607/728/510 606/733/509 603/730/506
f 609/730/508 608/734/537 606/732/509
f 611/734/516 610/2131/1261 608/735/512
f 613/736/514 612/2132/1262 610/737/515
f 615/736/530 614/746/1263 612/739/518
f 602/742/531 615/744/524 611/746/526
f 617/739/523 616/749/1264 614/748/529
f 602/729/504 604/748/1265 616/749/532
f 603/752/506 608/753/512 612/754/1266
f 621/756/502 619/760/1260 620/757/503
f 623/757/510 622/762/509 619/759/506
f 625/759/508 624/763/537 622/761/509
f 627/763/516 626/2133/1261 624/764/512
f 629/765/514 628/2134/1262 626/766/515
f 631/765/530 630/775/1263 628/768/518
f 618/771/531 631/773/524 627/775/526
f 633/768/523 632/778/1264 630/777/529
f 618/758/504 620/777/1265 632/778/532
f 619/781/506 624/782/512 628/783/1266
f 655/801/224 652/805/587 660/802/1173
f 648/804/1267 701/807/251 652/805/616
f 699/806/1268 700/2135/565 648/805/565
f 650/808/645 698/2136/640 699/806/550
f 648/804/589 653/2137/565 654/809/555
f 654/809/1269 656/2138/588 651/810/588
f 651/810/1270 659/2139/588 657/811/559
f 657/811/1271 658/2140/640 650/808/640
f 701/805/598 650/872/583 660/812/563
f 661/813/198 654/821/1272 653/814/547
f 662/815/566 653/814/554 655/816/567
f 663/817/568 655/816/224 656/818/558
f 664/820/570 656/866/588 654/821/1273
f 665/822/572 658/830/640 657/823/573
f 666/825/575 657/867/1274 659/826/546
f 667/827/577 659/826/558 660/828/244
f 668/829/53 660/828/563 658/830/553
f 717/831/580 673/835/553 702/832/1221
f 675/834/596 671/832/564 702/835/582
f 669/833/1270 675/832/250 673/837/640
f 676/839/1275 674/2141/546 669/840/546
f 671/841/627 677/2142/616 676/839/584
f 669/838/557 715/2143/137 716/842/137
f 716/842/137 718/2144/137 672/840/554
f 672/832/1267 703/2145/554 704/843/590
f 704/843/1276 705/2146/616 671/841/616
f 714/844/462 675/852/250 674/845/588
f 713/847/560 674/825/546 676/848/1277
f 711/849/1278 676/848/1279 677/850/564
f 712/851/579 677/850/587 675/852/595
f 688/853/178 682/856/579 693/854/1251
f 683/831/582 680/833/615 693/856/598
f 678/858/1280 683/857/108 682/856/594
f 684/859/1281 647/2139/560 678/810/560
f 680/838/639 685/2143/628 684/859/600
f 678/810/621 686/2138/560 687/860/603
f 687/860/1282 689/2147/577 681/855/577
f 681/856/1283 692/2148/577 690/861/605
f 690/861/1284 691/2149/628 680/838/628
f 694/862/570 687/844/1285 686/851/552
f 695/863/198 686/851/556 688/849/458
f 696/864/566 688/849/178 689/847/586
f 697/865/568 689/847/577 687/866/1286
f 698/866/583 691/827/628 690/825/1287
f 699/816/1288 690/824/1289 692/822/576
f 700/814/554 692/822/586 693/829/610
f 701/821/611 693/829/598 691/827/602
f 702/848/1290 683/870/108 647/867/556
f 703/845/565 647/947/560 684/868/612
f 704/852/614 684/868/1291 685/869/615
f 705/850/587 685/869/602 683/870/582
f 721/808/618 710/877/602 714/871/1292
f 668/873/563 708/871/572 714/874/596
f 706/872/1283 668/871/244 710/873/628
f 666/876/1293 667/2141/576 706/840/576
f 708/878/633 665/2150/594 666/876/619
f 706/840/604 719/2144/137 720/879/137
f 720/879/137 722/2140/137 709/808/556
f 709/871/1280 713/2151/556 711/880/622
f 711/880/1294 712/2152/594 708/878/594
f 807/881/178 726/885/616 735/882/256
f 723/884/645 807/892/459 727/885/124
f 730/886/55 724/890/602 723/887/640
f 730/886/55 731/947/55 725/889/618
f 806/891/139 805/2153/139 723/885/583
f 806/891/139 724/892/615 726/893/564
f 732/895/13 734/948/13 726/882/587
f 732/895/13 724/885/628 725/890/1295
f 745/858/580 739/853/594 750/897/624
f 736/898/639 745/897/571 740/892/1208
f 741/899/13 737/902/587 736/900/628
f 741/899/13 742/2154/13 738/893/224
f 744/903/1296 743/2155/615 736/897/615
f 744/903/629 737/853/564 739/855/572
f 747/905/1297 749/2156/579 739/892/579
f 747/905/632 737/897/616 738/902/1298
f 753/907/634 745/915/571 743/908/628
f 751/909/635 743/908/615 744/910/668
f 752/911/567 744/910/1299 746/912/594
f 754/914/458 746/942/572 745/915/198
f 757/883/617 749/920/579 747/916/636
f 755/917/578 747/916/1300 748/918/224
f 758/919/624 750/2157/624 749/920/572
f 811/921/224 762/931/628 771/922/13
f 759/923/633 811/922/549 763/830/1298
f 766/924/638 760/923/553 759/826/594
f 766/924/1301 767/2158/580 761/925/580
f 810/926/139 809/2159/139 759/927/572
f 810/926/139 760/921/583 762/923/615
f 768/929/55 770/888/55 762/887/602
f 768/929/55 760/925/640 761/870/1208
f 774/909/595 766/920/1302 764/916/579
f 772/907/610 764/916/594 765/918/256
f 775/911/55 767/2157/571 766/920/1303
f 787/930/618 779/932/640 792/931/55
f 776/801/627 787/803/569 780/932/1295
f 783/933/642 777/934/579 776/900/616
f 783/933/1304 784/2160/178 778/927/178
f 786/935/1305 785/2161/564 776/804/564
f 786/935/643 777/801/572 779/930/583
f 789/937/1306 791/2162/553 779/934/553
f 789/937/644 777/930/594 778/921/124
f 795/939/635 787/944/569 785/940/616
f 793/941/567 785/940/564 786/942/1307
f 794/844/458 786/862/1308 788/943/640
f 796/846/634 788/943/583 787/944/570
f 799/941/602 791/946/553 789/945/1309
f 797/939/610 789/945/1310 790/845/178
f 800/914/55 792/918/55 791/946/583
f 803/946/617 783/948/1311 781/889/587
f 801/945/578 781/889/616 782/947/13
f 804/918/624 784/882/459 783/948/647
f 813/949/244 814/953/1312 820/950/569
f 815/952/1313 821/2163/571 820/950/618
f 818/954/139 816/958/139 815/955/650
f 813/949/563 817/2164/139 818/954/139
f 833/956/108 822/2165/624 821/955/580
f 816/958/139 823/964/596 824/959/583
f 825/960/653 836/964/1314 824/961/583
f 826/963/654 827/966/1315 836/964/1316
f 828/965/657 829/2166/1317 827/966/658
f 830/965/660 835/2166/1318 829/967/661
f 831/968/251 834/967/579 835/969/1319
f 832/971/139 833/2165/582 834/972/572
f 835/973/1320 834/964/572 824/967/553
f 835/973/1321 836/974/666 827/975/658
f 840/977/139 838/989/139 837/978/651
f 845/980/668 837/912/1312 839/981/546
f 858/983/640 842/1002/560 839/984/558
f 841/986/633 845/979/1299 843/982/576
f 844/984/551 842/988/552 858/987/553
f 843/982/577 839/981/588 842/988/556
f 838/989/139 846/2167/139 847/990/139
f 848/991/139 849/2168/139 840/977/139
f 857/992/1322 859/999/139 847/990/139
f 857/992/669 848/991/139 841/986/631
f 851/994/671 857/2169/1323 854/995/672
f 850/997/1324 851/994/1325 853/996/1326
f 855/999/676 856/1002/677 850/997/677
f 854/1000/679 855/2170/1327 852/998/1328
f 856/1001/681 857/2171/1329 851/994/1330
f 858/1002/583 859/999/139 856/1003/683
f 862/1005/1331 863/1019/699 861/1006/1332
f 867/1008/1333 866/1021/689 863/1009/699
f 866/1011/1334 867/1017/687 865/1012/1335
f 869/1014/13 870/2172/13 867/1008/687
f 860/1007/1336 868/2173/13 869/1015/13
f 870/1016/13 871/2174/13 865/1012/695
f 872/1018/624 873/2175/624 861/1006/697
f 874/1020/624 872/2176/624 863/1009/699
f 864/1013/1337 875/2177/624 874/1022/624
f 878/1023/1331 879/1037/699 877/1024/1332
f 883/1026/1333 882/1039/689 879/1027/699
f 882/1029/1334 883/1035/687 881/1030/1335
f 885/1032/13 886/2178/13 883/1026/687
f 876/1025/1336 884/2179/13 885/1033/13
f 886/1034/13 887/2180/13 881/1030/695
f 888/1036/624 889/2181/624 877/1024/697
f 890/1038/624 888/2182/624 879/1027/699
f 880/1031/1337 891/2183/624 890/1040/624
f 898/1041/702 892/1053/727 894/1042/1338
f 897/1044/705 896/1053/1339 894/1045/706
f 897/1044/708 895/2184/723 893/1047/709
f 899/1049/711 893/2185/1340 892/1050/1341
f 901/1052/714 898/1042/722 896/1053/1342
f 900/1054/716 896/1053/715 897/1044/1343
f 906/1055/718 897/1044/705 899/1048/1344
f 901/1052/730 907/1056/728 899/1048/1344
f 903/1057/1345 901/2186/1346 900/1058/1347
f 904/1060/712 902/2187/1340 900/1061/1348
f 904/1063/1349 906/2188/1350 907/1064/1351
f 905/1066/706 907/2189/1352 901/1067/1353
f 906/1055/718 907/1056/720 901/1052/714
f 933/1069/1354 911/2190/1355 918/1070/1356
f 916/1072/1357 912/1082/1358 911/1073/735
f 923/1075/1359 917/1081/1360 912/1076/738
f 917/1081/741 918/1070/1361 911/1073/735
f 926/1083/459 919/819/624 920/1071/1362
f 915/1085/55 920/1084/1362 921/1087/55
f 922/1089/55 923/1079/740 914/1078/55
f 924/951/13 925/1091/224 917/1081/1363
f 925/1091/549 926/1083/178 918/1070/1361
f 927/1092/55 928/1080/55 923/1079/740
f 929/1094/55 930/1097/55 927/1092/55
f 920/1084/733 931/1086/55 932/1095/55
f 929/1094/55 933/1096/1364 934/1095/55
f 938/1098/1365 936/1102/1366 937/1099/811
f 940/1101/1367 939/1104/814 936/1102/1366
f 942/1103/1368 941/1106/815 939/1104/814
f 944/1105/1369 943/1144/1053 941/1106/815
f 946/1107/1370 945/1111/818 943/1108/1053
f 948/1110/1371 947/1113/819 945/1111/818
f 950/1112/1372 949/1115/1373 947/1113/819
f 952/1114/1374 951/1117/1375 949/1115/1373
f 954/1116/1376 953/1119/823 951/1117/822
f 956/1118/1377 955/1121/1066 953/1119/823
f 958/1120/1378 957/1122/826 955/1121/1066
f 935/1100/1379 937/1099/811 957/1122/826
f 944/1109/774 959/2191/139 969/1123/139
f 960/1124/139 959/2192/139 944/1105/774
f 940/1101/777 961/2193/139 960/1125/139
f 962/1126/139 961/2194/139 940/1101/777
f 935/1100/779 963/2195/139 962/1127/139
f 964/1128/139 963/2196/139 935/1100/779
f 956/1118/781 965/2197/139 964/1129/139
f 966/1130/139 965/2198/139 956/1118/781
f 952/1114/783 967/2199/139 966/1131/139
f 968/1132/139 967/2200/139 952/1114/783
f 948/1110/785 970/2201/139 968/1133/139
f 969/1134/139 970/2202/139 948/1110/785
f 982/1135/137 971/2203/137 937/1099/786
f 937/1099/786 971/2204/137 972/1136/137
f 972/1137/137 973/2205/137 955/1121/789
f 955/1121/789 973/2206/137 974/1138/137
f 974/1139/137 975/2207/137 951/1117/791
f 951/1117/791 975/2208/137 976/1140/137
f 976/1141/137 977/2209/137 947/1113/793
f 947/1113/793 977/2210/137 978/1142/137
f 978/1143/137 979/2211/137 943/1108/795
f 943/1144/795 979/2212/137 980/1145/137
f 980/1146/137 981/2213/137 939/1104/797
f 939/1104/797 981/2214/137 982/1147/137
f 987/1148/1365 985/1152/1366 986/1149/811
f 989/1151/1367 988/1154/814 985/1152/1366
f 991/1153/1368 990/1156/815 988/1154/814
f 993/1155/1369 992/1191/1053 990/1156/815
f 995/1157/1380 994/1161/818 992/1158/1053
f 997/1160/1371 996/1163/819 994/1161/818
f 999/1162/1372 998/1165/1373 996/1163/819
f 1001/1164/1374 1000/1167/822 998/1165/1373
f 1003/1166/1376 1002/1169/823 1000/1167/822
f 1005/1168/1377 1004/1171/1066 1002/1169/823
f 1007/1170/1378 1006/1172/826 1004/1171/1066
f 984/1150/1379 986/1149/811 1006/1172/826
f 993/1159/774 1008/2215/139 1018/1173/139
f 1009/1174/139 1008/2216/139 993/1155/774
f 989/1151/777 1010/2217/139 1009/1175/139
f 1011/1176/139 1010/2218/139 989/1151/777
f 984/1150/779 1012/2219/139 1011/1177/139
f 1013/1178/139 1012/2220/139 984/1150/779
f 1005/1168/781 1014/2221/139 1013/1179/139
f 1015/1180/139 1014/2222/139 1005/1168/781
f 1001/1164/783 1016/2223/139 1015/1181/139
f 1017/1182/139 1016/2224/139 1001/1164/783
f 997/1160/785 1019/2225/139 1017/1183/139
f 1018/1184/139 1019/2226/139 997/1160/785
f 1031/1185/137 1020/2227/137 986/1149/786
f 986/1149/786 1020/2228/137 1021/1186/137
f 1004/1171/789 1022/2229/137 1023/1187/137
f 1023/1188/137 1024/2230/137 1000/1167/791
f 1025/1189/137 1026/2231/137 996/1163/793
f 996/1163/793 1026/2232/137 1027/1190/137
f 992/1191/795 1028/2233/137 1029/1192/137
f 1029/1193/137 1030/2234/137 988/1154/797
f 1032/1194/76 1044/1209/76 1048/1195/798
f 1043/1197/76 1033/1211/76 1047/1198/798
f 1034/1196/21 1040/1195/21 1060/1200/800
f 1042/1199/21 1035/1198/21 1059/1202/800
f 1041/1201/121 1036/1200/121 1056/1204/801
f 1037/1203/121 1039/1202/121 1055/1206/801
f 983/1208/15 1046/1218/15 1052/1209/803
f 1045/1210/15 1038/1217/15 1051/1211/803
f 1039/1202/20 1055/1206/800 1056/1204/801
f 1040/1198/121 1060/1202/800 1059/1200/801
f 1057/1207/801 1041/1203/21 1037/1212/20
f 1062/1203/800 1042/1199/121 1034/1214/121
f 1050/1199/798 1043/1197/58 1032/1215/58
f 1044/1211/58 1048/1198/798 1047/1195/799
f 1054/1197/803 1045/1210/130 983/1216/130
f 1046/1217/130 1052/1211/803 1051/1209/804
f 1047/1219/805 1048/2235/806 1022/1220/137
f 1021/1221/137 1049/2236/798 1050/1222/806
f 1051/1223/807 1052/2237/808 1031/1224/137
f 1030/1225/137 1053/2238/803 1054/1226/808
f 1055/1227/809 1056/2239/800 1028/1228/137
f 1027/1229/137 1057/1201/809 1058/1230/809
f 1059/1231/810 1060/2240/809 1025/1232/137
f 1024/1233/137 1061/2241/800 1062/1234/809
f 1066/1235/750 1064/1239/1366 1065/1236/1381
f 1068/1238/1382 1067/1241/1383 1064/1239/1366
f 1070/1240/755 1069/1243/815 1067/1241/814
f 1072/1242/757 1071/1284/1053 1069/1243/1384
f 1074/1244/1370 1073/1248/818 1071/1245/1053
f 1076/1247/761 1075/1250/819 1073/1248/818
f 1078/1249/763 1077/1252/1373 1075/1250/1385
f 1080/1251/1386 1079/1254/822 1077/1252/1373
f 1082/1253/767 1081/1256/823 1079/1254/822
f 1084/1255/769 1083/1258/1066 1081/1256/1387
f 1086/1257/1388 1085/1259/826 1083/1258/1066
f 1063/1237/752 1065/1236/811 1085/1259/826
f 1087/1260/139 1097/2242/139 1084/1255/781
f 1080/1251/783 1088/2243/139 1087/1261/139
f 1089/1263/139 1088/2244/139 1080/1251/783
f 1076/1247/785 1090/2245/139 1089/1264/139
f 1091/1265/139 1090/2246/139 1076/1247/785
f 1072/1246/774 1092/2247/139 1091/1266/139
f 1093/1267/139 1092/2248/139 1072/1242/774
f 1068/1238/777 1094/2249/139 1093/1268/139
f 1095/1269/139 1094/2250/139 1068/1238/777
f 1063/1237/779 1096/2251/139 1095/1270/139
f 1098/1271/139 1096/2252/139 1063/1237/779
f 1084/1255/781 1097/2253/139 1098/1272/139
f 1099/1273/137 1109/2254/137 1071/1245/795
f 1075/1250/793 1100/2255/137 1099/1274/137
f 1101/1275/137 1100/2256/137 1075/1250/793
f 1079/1254/791 1102/2257/137 1101/1276/137
f 1103/1277/137 1102/2258/137 1079/1254/791
f 1083/1258/789 1104/2259/137 1103/1278/137
f 1105/1279/137 1104/2260/137 1083/1258/789
f 1065/1236/786 1106/2261/137 1105/1280/137
f 1107/1281/137 1106/2262/137 1065/1236/786
f 1067/1241/797 1108/2263/137 1107/1282/137
f 1110/1283/137 1108/2264/137 1067/1241/797
f 1071/1284/795 1109/2265/137 1110/1285/137
f 1114/1286/769 1112/1290/1066 1113/1287/1387
f 1116/1289/1388 1115/1292/826 1112/1290/1066
f 1118/1291/752 1117/1294/811 1115/1292/826
f 1120/1293/750 1119/1296/1366 1117/1294/1381
f 1122/1295/1382 1121/1298/814 1119/1296/1366
f 1124/1297/755 1123/1300/815 1121/1298/814
f 1126/1299/757 1125/1325/1053 1123/1300/1384
f 1128/1301/1370 1127/1305/818 1125/1302/1053
f 1130/1304/761 1129/1307/819 1127/1305/818
f 1132/1306/763 1131/1309/1373 1129/1307/1385
f 1134/1308/1386 1133/1310/822 1131/1309/1373
f 1111/1288/767 1113/1287/823 1133/1310/822
f 1135/1311/139 1145/2266/139 1132/1306/784
f 1128/1301/775 1136/2267/139 1135/1312/139
f 1137/1313/139 1136/2268/139 1128/1301/775
f 1124/1297/776 1138/2269/139 1137/1314/139
f 1139/1315/139 1138/2270/139 1124/1297/776
f 1120/1293/778 1140/2271/139 1139/1316/139
f 1141/1317/139 1140/2272/139 1120/1293/778
f 1116/1289/1389 1142/2273/139 1141/1318/139
f 1143/1319/139 1142/2274/139 1116/1289/780
f 1111/1288/782 1144/2275/139 1143/1320/139
f 1146/1321/139 1144/2276/139 1111/1288/782
f 1132/1306/784 1145/2277/139 1146/1322/139
f 1123/1300/796 1148/2278/137 1147/1323/137
f 1149/1324/137 1148/2279/137 1123/1325/796
f 1151/1327/137 1150/2280/137 1127/1305/794
f 1113/1287/790 1154/2281/137 1153/1328/137
f 1155/1329/137 1154/2282/137 1113/1287/790
f 1158/1330/137 1156/2283/137 1115/1292/788
f 1171/1331/121 1174/2284/71 1162/1332/848
f 1172/1334/121 1173/1363/71 1161/1335/848
f 1167/1337/76 1170/1359/130 1166/1338/804
f 1168/1340/76 1169/1357/130 1165/1341/804
f 1150/1343/137 1159/2285/809 1160/1344/809
f 1161/1345/1390 1162/2286/853 1149/1346/137
f 1158/1347/137 1117/1294/786 1119/1296/1391
f 1156/1349/137 1163/2287/799 1164/1350/799
f 1165/1351/808 1166/2288/803 1155/1352/137
f 1151/1353/137 1129/1307/793 1131/1309/1392
f 1167/1340/58 1163/1342/798 1164/1355/798
f 1169/1337/15 1165/1339/803 1166/1341/804
f 1171/1334/21 1172/2289/21 1160/1358/800
f 1173/1333/47 1174/1363/47 1162/1335/848
f 1175/1333/21 1176/1332/58 1190/1359/799
f 1180/1334/21 1179/1363/58 1189/1357/799
f 1182/1360/15 1181/1364/47 1183/1341/1393
f 1177/1339/15 1178/1338/47 1184/1361/1393
f 1179/1333/76 1189/1337/798 1190/1357/799
f 1188/1356/800 1180/2289/121 1175/1334/121
f 1181/1339/71 1183/1362/848 1184/1364/1393
f 1186/1365/803 1182/1355/130 1177/1342/130
f 1183/1366/1394 1184/2290/1393 1157/1367/137
f 1147/1368/137 1185/2291/803 1186/1369/803
f 1153/1370/137 1187/2292/801 1188/1371/800
f 1189/1372/806 1190/2293/798 1152/1373/137
f 1194/1374/750 1192/1378/1366 1193/1375/1381
f 1196/1377/1382 1195/1380/814 1192/1378/1366
f 1198/1379/755 1197/1382/815 1195/1380/814
f 1200/1381/757 1199/1423/1053 1197/1382/1384
f 1202/1383/1370 1201/1387/818 1199/1384/1053
f 1204/1386/761 1203/1389/819 1201/1387/818
f 1206/1388/763 1205/1391/1373 1203/1389/1385
f 1208/1390/1386 1207/1393/822 1205/1391/1373
f 1210/1392/767 1209/1395/823 1207/1393/822
f 1212/1394/769 1211/1397/1066 1209/1395/1387
f 1214/1396/1388 1213/1398/826 1211/1397/1066
f 1191/1376/752 1193/1375/811 1213/1398/826
f 1215/1399/139 1225/2294/139 1212/1394/781
f 1208/1390/783 1216/2295/139 1215/1400/139
f 1217/1402/139 1216/2296/139 1208/1390/783
f 1204/1386/785 1218/2297/139 1217/1403/139
f 1219/1404/139 1218/2298/139 1204/1386/785
f 1200/1385/774 1220/2299/139 1219/1405/139
f 1221/1406/139 1220/2300/139 1200/1381/774
f 1196/1377/777 1222/2301/139 1221/1407/139
f 1223/1408/139 1222/2302/139 1196/1377/777
f 1191/1376/779 1224/2303/139 1223/1409/139
f 1226/1410/139 1224/2304/139 1191/1376/779
f 1212/1394/781 1225/2305/139 1226/1411/139
f 1227/1412/137 1237/2306/137 1199/1384/795
f 1203/1389/793 1228/2307/137 1227/1413/137
f 1229/1414/137 1228/2308/137 1203/1389/793
f 1207/1393/791 1230/2309/137 1229/1415/137
f 1231/1416/137 1230/2310/137 1207/1393/791
f 1211/1397/789 1232/2311/137 1231/1417/137
f 1233/1418/137 1232/2312/137 1211/1397/789
f 1193/1375/786 1234/2313/137 1233/1419/137
f 1235/1420/137 1234/2314/137 1193/1375/786
f 1195/1380/797 1236/2315/137 1235/1421/137
f 1238/1422/137 1236/2316/137 1195/1380/797
f 1199/1423/795 1237/2317/137 1238/1424/137
f 1242/1425/769 1240/1429/1066 1241/1426/1387
f 1244/1428/1388 1243/1431/826 1240/1429/1066
f 1246/1430/752 1245/1433/811 1243/1431/826
f 1248/1432/750 1247/1435/1366 1245/1433/1381
f 1250/1434/1382 1249/1437/814 1247/1435/1366
f 1252/1436/755 1251/1439/815 1249/1437/814
f 1254/1438/757 1253/1464/1053 1251/1439/1384
f 1256/1440/1370 1255/1444/818 1253/1441/1053
f 1258/1443/761 1257/1446/819 1255/1444/818
f 1260/1445/763 1259/1448/1373 1257/1446/1385
f 1262/1447/1386 1261/1449/822 1259/1448/1373
f 1239/1427/767 1241/1426/823 1261/1449/822
f 1263/1450/139 1273/2318/139 1260/1445/784
f 1256/1440/775 1264/2319/139 1263/1451/139
f 1265/1452/139 1264/2320/139 1256/1440/775
f 1252/1436/776 1266/2321/139 1265/1453/139
f 1267/1454/139 1266/2322/139 1252/1436/776
f 1248/1432/778 1268/2323/139 1267/1455/139
f 1269/1456/139 1268/2324/139 1248/1432/778
f 1244/1428/780 1270/2325/139 1269/1457/139
f 1271/1458/139 1270/2326/139 1244/1428/780
f 1239/1427/782 1272/2327/139 1271/1459/139
f 1274/1460/139 1272/2328/139 1239/1427/782
f 1260/1445/784 1273/2329/139 1274/1461/139
f 1251/1439/796 1276/2330/137 1275/1462/137
f 1277/1463/137 1276/2331/137 1251/1464/796
f 1279/1466/137 1278/2332/137 1255/1444/794
f 1241/1426/790 1282/2333/137 1281/1467/137
f 1283/1468/137 1282/2334/137 1241/1426/790
f 1286/1469/137 1284/2335/137 1243/1431/788
f 1299/1470/121 1302/2336/71 1290/1471/848
f 1300/1473/121 1301/1499/71 1289/1474/848
f 1295/1476/76 1298/1500/130 1294/1477/804
f 1296/1479/76 1297/1496/130 1293/1480/804
f 1278/1482/137 1287/2337/809 1288/1483/809
f 1289/1484/1390 1290/2338/853 1277/1485/137
f 1286/1486/137 1245/1433/786 1247/1435/1391
f 1284/1488/137 1291/2339/798 1292/1489/798
f 1293/1490/808 1294/2340/803 1283/1491/137
f 1279/1492/137 1257/1446/793 1259/1448/1392
f 1295/1479/58 1291/1481/798 1292/1494/798
f 1297/1476/15 1293/1478/803 1294/1480/804
f 1299/1497/21 1300/1473/21 1288/1475/800
f 1301/1499/47 1302/1470/47 1290/1472/848
f 1303/1472/21 1304/1471/58 1318/1500/799
f 1308/1475/21 1307/1474/58 1317/1496/799
f 1310/1501/15 1309/1504/47 1311/1480/1393
f 1305/1478/15 1306/1477/47 1312/1502/1393
f 1307/1472/76 1317/1476/798 1318/1496/799
f 1316/1495/800 1308/1498/121 1303/1475/121
f 1309/1478/71 1311/1503/848 1312/1504/1393
f 1314/1505/803 1310/1494/130 1305/1481/130
f 1311/1506/853 1312/2341/848 1285/1507/137
f 1275/1508/137 1313/2342/803 1314/1509/803
f 1281/1510/137 1315/2343/800 1316/1511/800
f 1317/1512/806 1318/2344/798 1280/1513/137
f 1322/1514/857 1320/1518/1395 1321/1515/858
f 1323/1517/860 1333/1520/863 1320/1518/1395
f 1324/1519/111 1332/1522/866 1333/1520/863
f 1325/1521/865 1331/1524/868 1332/1522/866
f 1326/1523/867 1329/1526/871 1331/1524/868
f 1328/1525/870 1327/1535/870 1329/1526/871
f 1329/1527/1396 1330/1536/55 1321/1528/874
f 1331/1530/880 1329/1527/1396 1320/1531/875
f 1334/1534/624 1335/2345/580 1327/1535/882
f 1335/1534/571 1336/2346/618 1321/1528/883
f 1336/1537/1295 1337/956/13 1319/1516/884
f 1341/1574/897 1339/1578/1366 1340/1575/811
f 1343/1577/899 1342/1580/814 1339/1578/812
f 1345/1579/1397 1344/1582/815 1342/1580/1398
f 1347/1581/903 1346/1584/1053 1344/1582/815
f 1349/1583/905 1348/1586/818 1346/1584/816
f 1351/1585/907 1350/2347/819 1348/1586/1399
f 1353/1587/909 1352/1591/1373 1350/1588/819
f 1355/1590/911 1354/1593/822 1352/1591/820
f 1357/1592/1400 1356/1595/823 1354/1593/1401
f 1359/1594/915 1358/1597/1066 1356/1595/823
f 1361/1596/917 1360/1598/826 1358/1597/824
f 1338/1576/919 1340/1575/811 1360/1598/1402
f 1394/1599/921 1363/2348/921 1364/1600/1403
f 1369/1602/924 1365/2349/1404 1341/1574/925
f 1368/1603/927 1365/2350/1405 1369/1604/928
f 1365/1606/930 1371/2351/1406 1343/1577/931
f 1368/1607/933 1370/2352/1407 1371/1608/1408
f 1373/1610/936 1345/1579/1409 1343/1577/1410
f 1370/1612/939 1372/2353/1411 1373/1613/940
f 1373/1615/942 1372/2354/1412 1374/1616/943
f 1373/1618/936 1375/2355/1413 1347/1581/945
f 1377/1619/947 1376/2356/1414 1375/1620/948
f 1347/1581/950 1375/2357/1415 1376/1622/951
f 1377/1623/953 1379/2358/1416 1378/1624/954
f 1378/1626/956 1351/1585/1417 1349/1583/1418
f 1381/1628/959 1380/2359/1419 1378/1629/960
f 1378/1631/962 1380/2360/1420 1353/1587/963
f 1381/1632/965 1382/2361/1421 1383/1633/1422
f 1380/1635/968 1383/2362/1423 1355/1590/969
f 1382/1636/971 1385/2363/1424 1384/1637/972
f 1384/1639/974 1357/1592/1425 1355/1590/1426
f 1384/1641/974 1386/2364/1427 1359/1594/977
f 1387/1642/979 1386/2365/1428 1384/1643/980
f 1389/1645/982 1361/1596/1429 1359/1594/983
f 1387/1647/985 1388/2366/1430 1389/1648/1431
f 1369/1650/988 1338/1576/1432 1361/1596/1433
f 1388/1652/991 1366/2367/1157 1369/1653/992
f 1340/1575/786 1339/1578/787 1391/1655/994
f 1391/1657/994 1339/1578/787 1342/1580/797
f 1393/1659/997 1392/1682/996 1342/1580/797
f 1393/1660/997 1344/1584/796 1346/1582/795
f 1394/1662/1000 1362/2368/999 1346/1584/795
f 1348/1586/794 1350/2347/793 1395/1663/1001
f 1395/1665/1001 1350/1588/793 1352/1591/792
f 1396/1667/1002 1352/1591/792 1354/1593/791
f 1397/1669/1003 1354/1593/791 1356/1595/790
f 1399/1671/1005 1398/1686/1004 1356/1595/790
f 1400/1672/1007 1399/2369/1005 1358/1597/789
f 1400/1673/1007 1360/1598/788 1340/1575/786
f 1390/1674/1434 1410/2370/1434 1403/1675/1010
f 1392/1676/1012 1406/2371/1012 1404/1677/1435
f 1408/1679/1015 1405/2372/1436 1397/1669/1016
f 1409/1680/1018 1363/2373/1437 1394/1664/921
f 1392/1682/1012 1393/2374/1019 1401/1683/1019
f 1399/1671/1021 1407/2375/1438 1408/1685/1022
f 1396/1666/1023 1402/2376/1023 1409/1687/1024
f 1362/1688/923 1364/2377/923 1401/1689/1025
f 1400/1691/1011 1403/2378/1011 1407/1692/1439
f 1390/1656/1009 1391/1655/1014 1404/1694/1014
f 1396/1696/1023 1397/2379/1016 1405/1697/1016
f 1415/1748/1440 1413/1752/1366 1414/1749/811
f 1417/1751/1441 1416/1754/814 1413/1752/1366
f 1419/1753/1442 1418/1756/815 1416/1754/814
f 1421/1755/1443 1420/1758/1053 1418/1756/815
f 1423/1757/1444 1422/1760/818 1420/1758/1053
f 1425/1759/1445 1424/1837/819 1422/1760/818
f 1427/1761/1446 1426/1765/1373 1424/1762/819
f 1429/1764/1447 1428/1767/822 1426/1765/1373
f 1431/1766/1448 1430/1769/823 1428/1767/822
f 1433/1768/1449 1432/1771/1066 1430/1769/823
f 1435/1770/1450 1434/1772/826 1432/1771/1066
f 1412/1750/1451 1414/1749/811 1434/1772/826
f 1468/1773/1070 1437/2380/1070 1438/1774/1138
f 1443/1776/1072 1439/2381/1452 1415/1748/1440
f 1440/1777/1453 1442/2382/1454 1439/1778/1075
f 1439/1780/1077 1445/2383/1455 1417/1751/1078
f 1442/1781/1080 1444/2384/1456 1445/1782/1081
f 1447/1784/1083 1419/1753/1442 1417/1751/1049
f 1444/1786/1085 1446/2385/1457 1447/1787/1086
f 1447/1789/1458 1446/2386/1459 1448/1790/1089
f 1447/1792/1091 1449/2387/1460 1421/1755/1443
f 1451/1793/1093 1450/2388/1461 1449/1794/1462
f 1421/1755/1054 1449/2389/1463 1450/1796/1096
f 1451/1797/1098 1453/2390/1105 1452/1798/1099
f 1452/1800/1101 1425/1759/1445 1423/1757/1056
f 1455/1802/1103 1454/2391/1464 1452/1803/1465
f 1452/1805/1106 1454/2392/1466 1427/1761/1446
f 1455/1806/1108 1456/2393/1467 1457/1807/1109
f 1454/1809/1111 1457/2394/1468 1429/1764/1112
f 1456/1810/1114 1459/2395/1469 1458/1811/1115
f 1458/1813/1117 1431/1766/1448 1429/1764/1062
f 1458/1815/1119 1460/2396/1470 1433/1768/1449
f 1461/1816/1121 1460/2397/1471 1458/1817/1472
f 1463/1819/1124 1435/1770/1473 1433/1768/1067
f 1461/1821/1126 1462/2398/1474 1463/1822/1127
f 1443/1824/1129 1412/1750/1451 1435/1770/1069
f 1463/1826/1131 1462/2399/1475 1440/1827/1132
f 1414/1752/786 1413/1749/787 1465/1829/1134
f 1465/1831/1134 1413/1754/787 1416/1752/797
f 1467/1833/1137 1466/2400/1136 1416/1756/797
f 1467/1834/1137 1418/1758/796 1420/1756/795
f 1468/1836/1139 1436/2401/1138 1420/1760/795
f 1422/1837/794 1424/1760/793 1469/1838/1140
f 1469/1840/1140 1424/1765/793 1426/1762/792
f 1470/1842/1141 1426/1767/792 1428/1765/791
f 1471/1844/1142 1428/1769/791 1430/1767/790
f 1473/1846/1144 1472/2402/1143 1430/1771/790
f 1474/1847/1145 1473/2403/1144 1432/1772/789
f 1474/1848/1145 1434/1749/788 1414/1772/786
f 1464/1850/1146 1484/2404/1146 1477/1851/1147
f 1466/1853/1148 1480/2405/1148 1478/1854/1149
f 1482/1856/1150 1479/2406/1155 1471/1857/1155
f 1483/1859/1151 1437/2407/1070 1468/1860/1070
f 1466/1862/1136 1467/2408/1152 1475/1863/1152
f 1473/1865/1144 1481/2409/1153 1482/1866/1150
f 1470/1868/1141 1476/2410/1154 1483/1869/1151
f 1436/1871/1138 1438/2411/1071 1475/1872/1152
f 1474/1874/1147 1477/2412/1147 1481/1875/1476
f 1464/1877/1146 1465/2413/1134 1478/1878/1134
f 1470/1880/1154 1471/2414/1155 1479/1881/1155
f 1489/1932/897 1487/1936/1366 1488/1933/811
f 1491/1935/899 1490/1938/814 1487/1936/812
f 1493/1937/1397 1492/1940/815 1490/1938/1398
f 1495/1939/903 1494/1942/1053 1492/1940/815
f 1497/1941/905 1496/1944/818 1494/1942/816
f 1499/1943/907 1498/2415/819 1496/1944/1399
f 1501/1945/909 1500/1949/1373 1498/1946/819
f 1503/1948/911 1502/1951/822 1500/1949/820
f 1505/1950/1400 1504/1953/823 1502/1951/1401
f 1507/1952/915 1506/1955/1066 1504/1953/823
f 1509/1954/917 1508/1956/826 1506/1955/824
f 1486/1934/919 1488/1933/811 1508/1956/1402
f 1542/1957/921 1511/2416/1477 1512/1958/1403
f 1517/1960/924 1513/2417/1404 1489/1932/925
f 1514/1961/929 1516/2418/927 1513/1962/1405
f 1513/1964/930 1519/2419/1406 1491/1935/931
f 1516/1965/933 1518/2420/1407 1519/1966/1408
f 1521/1968/936 1493/1937/1409 1491/1935/1410
f 1518/1970/939 1520/2421/1411 1521/1971/940
f 1521/1973/942 1520/2422/1412 1522/1974/943
f 1521/1976/936 1523/2423/1413 1495/1939/945
f 1525/1977/947 1524/2424/1414 1523/1978/948
f 1495/1939/950 1523/2425/1415 1524/1980/951
f 1525/1981/953 1527/2426/1416 1526/1982/954
f 1526/1984/956 1499/1943/1417 1497/1941/1418
f 1529/1986/959 1528/2427/1419 1526/1987/960
f 1526/1989/962 1528/2428/1420 1501/1945/963
f 1529/1990/965 1530/2429/1421 1531/1991/1422
f 1528/1993/968 1531/2430/1423 1503/1948/969
f 1530/1994/971 1533/2431/1424 1532/1995/972
f 1532/1997/974 1505/1950/1425 1503/1948/1426
f 1532/1999/974 1534/2432/1427 1507/1952/977
f 1535/2000/979 1534/2433/1428 1532/2001/980
f 1537/2003/982 1509/1954/1429 1507/1952/983
f 1535/2005/985 1536/2434/1430 1537/2006/1431
f 1517/2008/988 1486/1934/1432 1509/1954/1433
f 1537/2010/993 1536/2435/991 1514/2011/1157
f 1488/1933/786 1487/1936/787 1539/2013/994
f 1539/2015/994 1487/1936/787 1490/1938/797
f 1541/2017/997 1540/2040/996 1490/1938/797
f 1541/2018/997 1492/1940/796 1494/1942/795
f 1542/2020/1000 1510/2436/999 1494/1942/795
f 1496/1944/794 1498/2415/793 1543/2021/1001
f 1543/2023/1001 1498/1946/793 1500/1949/792
f 1544/2025/1002 1500/1949/792 1502/1951/791
f 1545/2027/1003 1502/1951/791 1504/1953/790
f 1547/2029/1005 1546/2044/1004 1504/1953/790
f 1548/2030/1007 1547/2437/1005 1506/1955/789
f 1548/2031/1007 1508/1956/788 1488/1933/786
f 1538/2032/1434 1558/2438/1009 1551/2033/1010
f 1540/2034/1012 1554/2439/1012 1552/2035/1435
f 1556/2037/1015 1553/2440/1436 1545/2027/1016
f 1557/2038/1018 1511/2441/1437 1542/2022/921
f 1540/2040/1012 1541/2442/1019 1549/2041/1019
f 1547/2029/1021 1555/2443/1438 1556/2043/1022
f 1544/2024/1023 1550/2444/1023 1557/2045/1024
f 1510/2019/923 1512/2445/923 1549/2046/1025
f 1548/2048/1011 1551/2446/1011 1555/2049/1439
f 1538/2014/1009 1539/2013/1014 1552/2051/1014
f 1544/2053/1023 1545/2447/1016 1553/2054/1016
